    FWI,VPD,HT,T,RH,U,V,P,RAIN,CAPE,ST,SM,Nearest_1,Nearest_2,Nearest_3,Nearest_4,Nearest_5,Nearest_6,Nearest_7,Nearest_8,Nearest_9,Nearest_10,Nearest_11,Nearest_12,Nearest_13,Nearest_14,Nearest_15,Nearest_16,Nearest_17,Nearest_18,Nearest_19,Nearest_20,Nearest_21,Nearest_22,Nearest_23,Nearest_24,Land_Use,VCI_AVE,TCI_AVE,VHI_AVE,VCI_TOT,TCI_TOT,VHI_TOT,FWI_1_days_ago,VPD_1_days_ago,P_1_days_ago,FRP_1_days_ago,FWI_2_days_ago,VPD_2_days_ago,P_2_days_ago,FRP_2_days_ago,FWI_3_days_ago,VPD_3_days_ago,P_3_days_ago,FRP_3_days_ago,FWI_4_days_ago,VPD_4_days_ago,P_4_days_ago,FRP_4_days_ago,FWI_5_days_ago,VPD_5_days_ago,P_5_days_ago,FRP_5_days_ago,FWI_6_days_ago,VPD_6_days_ago,P_6_days_ago,FRP_6_days_ago,FWI_7_days_ago,VPD_7_days_ago,P_7_days_ago,FRP_7_days_ago
11.492188,-999.0,0.0,303.599426,56.275002,0.851885,2.358535,101108.0625,0.0,27.0,-999.0,-999.0,-999.0,-999.0,-999.0,-999.0,-999.0,-999.0,-999.0,-999.0,-999.0,-999.0,-999.0,-999.0,-999.0,-999.0,-999.0,-999.0,-999.0,-999.0,-999.0,-999.0,-999.0,-999.0,-999.0,-999.0,0.0,-999.0,-999.0,-999.0,-999.0,-999.0,-999.0,8.180664,-999.0,101117.34375,-999.0,7.2229,-999.0,100816.664062,-999.0,6.404785,-999.0,100391.0,-999.0,28.655273,-999.0,100439.4375,-999.0,10.949463,-999.0,100755.828125,-999.0,24.155518,-999.0,101035.375,-999.0,32.380615,-999.0,101239.890625,-999.0
-999.0,-999.0,0.0,301.924408,41.150002,-0.170615,2.626035,101126.867188,0.0,0.0,-999.0,-999.0,-999.0,-999.0,-999.0,-999.0,-999.0,-999.0,-999.0,-999.0,-999.0,-999.0,-999.0,-999.0,-999.0,-999.0,-999.0,-999.0,-999.0,-999.0,-999.0,-999.0,-999.0,-999.0,-999.0,-999.0,0.0,-999.0,-999.0,-999.0,-999.0,-999.0,-999.0,-999.0,-999.0,101096.140625,-999.0,-999.0,-999.0,100807.867188,-999.0,-999.0,-999.0,100400.203125,-999.0,-999.0,-999.0,100449.039062,-999.0,-999.0,-999.0,100776.625,-999.0,-999.0,-999.0,101056.976562,-999.0,-999.0,-999.0,101245.09375,-999.0
-999.0,-999.0,0.0,301.949402,45.400002,-0.405615,2.426035,101125.664062,0.0,0.75,-999.0,-999.0,0.0,0.0,0.0,0.0,0.0,0.0,0.0,0.0,0.0,0.0,0.0,0.0,0.0,0.0,0.0,0.0,0.0,0.0,0.0,0.0,0.0,0.0,0.0,0.0,0.0,-999.0,-999.0,-999.0,-999.0,-999.0,-999.0,-999.0,-999.0,101037.734375,0.0,-999.0,-999.0,100779.0625,0.0,-999.0,-999.0,100382.203125,0.0,-999.0,-999.0,100431.4375,0.0,-999.0,-999.0,100780.625,0.0,-999.0,-999.0,101037.773438,0.0,-999.0,-999.0,101227.492188,0.0
-999.0,-999.0,0.0,301.87442,44.150002,-0.550615,2.748535,101123.671875,0.0,0.0,-999.0,-999.0,0.0,0.0,0.0,0.0,0.0,0.0,0.0,0.0,0.0,0.0,0.0,0.0,0.0,0.0,0.0,0.0,0.0,0.0,0.0,0.0,0.0,0.0,0.0,0.0,0.0,-999.0,-999.0,-999.0,-999.0,-999.0,-999.0,-999.0,-999.0,101063.34375,0.0,-999.0,-999.0,100790.265625,0.0,-999.0,-999.0,100385.796875,0.0,-999.0,-999.0,100431.039062,0.0,-999.0,-999.0,100776.21875,0.0,-999.0,-999.0,101044.578125,0.0,-999.0,-999.0,101231.484375,0.0
-999.0,-999.0,0.0,301.87442,44.150002,-0.550615,2.748535,101123.671875,0.0,0.0,-999.0,-999.0,0.0,0.0,0.0,0.0,0.0,0.0,0.0,0.0,0.0,0.0,0.0,0.0,0.0,0.0,0.0,0.0,0.0,0.0,0.0,0.0,0.0,0.0,0.0,0.0,0.0,-999.0,-999.0,-999.0,-999.0,-999.0,-999.0,-999.0,-999.0,101063.34375,0.0,-999.0,-999.0,100790.265625,0.0,-999.0,-999.0,100385.796875,0.0,-999.0,-999.0,100431.039062,0.0,-999.0,-999.0,100776.21875,0.0,-999.0,-999.0,101044.578125,0.0,-999.0,-999.0,101231.484375,0.0
-999.0,-999.0,0.0,301.974426,41.849998,-0.390615,2.833535,101123.664062,0.0,0.0,-999.0,-999.0,0.0,0.0,0.0,0.0,0.0,0.0,0.0,0.0,0.0,0.0,0.0,0.0,0.0,0.0,0.0,0.0,0.0,0.0,0.0,0.0,0.0,0.0,0.0,0.0,0.0,-999.0,-999.0,-999.0,-999.0,-999.0,-999.0,-999.0,-999.0,101084.9375,0.0,-999.0,-999.0,100800.664062,0.0,-999.0,-999.0,100393.398438,0.0,-999.0,-999.0,100428.242188,0.0,-999.0,-999.0,100772.21875,0.0,-999.0,-999.0,101050.96875,0.0,-999.0,-999.0,101239.09375,0.0
-999.0,-999.0,0.0,301.799408,44.150002,-0.085615,1.613535,101126.46875,0.0,1.75,-999.0,-999.0,0.0,0.0,0.0,0.0,0.0,0.0,0.0,0.0,0.0,0.0,0.0,0.0,0.0,0.0,0.0,0.0,0.0,0.0,0.0,0.0,0.0,0.0,0.0,0.0,0.0,-999.0,-999.0,-999.0,-999.0,-999.0,-999.0,-999.0,-999.0,101012.539062,0.0,-999.0,-999.0,100767.859375,0.0,-999.0,-999.0,100376.601562,0.0,-999.0,-999.0,100432.640625,0.0,-999.0,-999.0,100783.023438,0.0,-999.0,-999.0,101032.578125,0.0,-999.0,-999.0,101221.085938,0.0
-999.0,-999.0,0.0,301.949402,45.400002,-0.405615,2.426035,101125.664062,0.0,0.75,-999.0,-999.0,0.0,0.0,0.0,0.0,0.0,0.0,0.0,0.0,0.0,0.0,0.0,0.0,0.0,0.0,0.0,0.0,0.0,0.0,0.0,0.0,0.0,0.0,0.0,0.0,0.0,-999.0,-999.0,-999.0,-999.0,-999.0,-999.0,-999.0,-999.0,101037.734375,0.0,-999.0,-999.0,100779.0625,0.0,-999.0,-999.0,100382.203125,0.0,-999.0,-999.0,100431.4375,0.0,-999.0,-999.0,100780.625,0.0,-999.0,-999.0,101037.773438,0.0,-999.0,-999.0,101227.492188,0.0
-999.0,-999.0,0.0,302.099426,46.75,-0.328115,2.983535,101123.265625,0.0,0.0,-999.0,-999.0,0.0,0.0,0.0,0.0,0.0,0.0,0.0,0.0,0.0,0.0,0.0,0.0,0.0,0.0,0.0,0.0,0.0,0.0,0.0,0.0,0.0,0.0,0.0,0.0,0.0,-999.0,-999.0,-999.0,-999.0,-999.0,-999.0,-999.0,-999.0,101076.9375,0.0,-999.0,-999.0,100779.46875,0.0,-999.0,-999.0,100389.796875,0.0,-999.0,-999.0,100417.4375,0.0,-999.0,-999.0,100779.828125,0.0,-999.0,-999.0,101037.375,0.0,-999.0,-999.0,101233.09375,0.0
-999.0,-999.0,0.0,292.724426,72.199997,3.446885,-0.933965,101209.265625,0.0,0.0,-999.0,-999.0,0.0,0.0,0.0,0.0,0.0,0.0,0.0,0.0,0.0,0.0,0.0,0.0,0.0,0.0,0.0,0.0,0.0,0.0,0.0,0.0,0.0,0.0,0.0,0.0,0.0,-999.0,-999.0,-999.0,-999.0,-999.0,-999.0,-999.0,-999.0,101164.9375,0.0,-999.0,-999.0,100903.859375,0.0,-999.0,-999.0,100593.0,0.0,-999.0,-999.0,100615.039062,0.0,-999.0,-999.0,100864.625,0.0,-999.0,-999.0,101095.773438,0.0,-999.0,-999.0,101378.6875,0.0
-999.0,-999.0,0.0,292.724426,72.199997,3.446885,-0.933965,101209.265625,0.0,0.0,-999.0,-999.0,0.0,0.0,0.0,0.0,0.0,0.0,0.0,0.0,0.0,0.0,0.0,0.0,0.0,0.0,0.0,0.0,0.0,0.0,0.0,0.0,0.0,0.0,0.0,0.0,0.0,-999.0,-999.0,-999.0,-999.0,-999.0,-999.0,-999.0,-999.0,101164.9375,0.0,-999.0,-999.0,100903.859375,0.0,-999.0,-999.0,100593.0,0.0,-999.0,-999.0,100615.039062,0.0,-999.0,-999.0,100864.625,0.0,-999.0,-999.0,101095.773438,0.0,-999.0,-999.0,101378.6875,0.0
-999.0,-999.0,0.0,292.049408,73.400002,4.304385,-2.303965,101220.867188,0.0,0.0,-999.0,-999.0,0.0,0.0,0.0,0.0,0.0,0.0,0.0,0.0,0.0,0.0,0.0,0.0,0.0,0.0,0.0,0.0,0.0,0.0,0.0,0.0,0.0,0.0,0.0,0.0,0.0,-999.0,-999.0,-999.0,-999.0,-999.0,-999.0,-999.0,-999.0,101184.539062,0.0,-999.0,-999.0,100908.265625,0.0,-999.0,-999.0,100617.0,0.0,-999.0,-999.0,100646.640625,0.0,-999.0,-999.0,100925.820312,0.0,-999.0,-999.0,101136.578125,0.0,-999.0,-999.0,101396.289062,0.0
-999.0,-999.0,0.0,292.174408,70.300003,4.356885,-1.886465,101209.671875,0.0,0.0,-999.0,-999.0,0.0,0.0,0.0,0.0,0.0,0.0,0.0,0.0,0.0,0.0,0.0,0.0,0.0,0.0,0.0,0.0,0.0,0.0,0.0,0.0,0.0,0.0,0.0,0.0,0.0,-999.0,-999.0,-999.0,-999.0,-999.0,-999.0,-999.0,-999.0,101185.335938,0.0,-999.0,-999.0,100910.664062,0.0,-999.0,-999.0,100605.40625,0.0,-999.0,-999.0,100624.234375,0.0,-999.0,-999.0,100914.21875,0.0,-999.0,-999.0,101118.171875,0.0,-999.0,-999.0,101389.890625,0.0
-999.0,-999.0,0.0,292.774414,55.625,3.781885,-3.416465,101328.867188,0.0,3.5,-999.0,-999.0,0.0,0.0,0.0,0.0,0.0,0.0,0.0,0.0,0.0,0.0,0.0,0.0,0.0,0.0,0.0,0.0,0.0,0.0,0.0,0.0,0.0,0.0,0.0,0.0,0.0,-999.0,-999.0,-999.0,-999.0,-999.0,-999.0,-999.0,-999.0,101248.140625,0.0,-999.0,-999.0,100967.46875,0.0,-999.0,-999.0,100746.601562,0.0,-999.0,-999.0,100882.640625,0.0,-999.0,-999.0,101146.625,0.0,-999.0,-999.0,101381.375,0.0,-999.0,-999.0,101515.492188,0.0
-999.0,-999.0,0.0,291.899414,72.225006,4.251885,-2.683965,101230.46875,0.0,0.25,-999.0,-999.0,0.0,0.0,0.0,0.0,0.0,0.0,0.0,0.0,0.0,0.0,0.0,0.0,0.0,0.0,0.0,0.0,0.0,0.0,0.0,0.0,0.0,0.0,0.0,0.0,0.0,-999.0,-999.0,-999.0,-999.0,-999.0,-999.0,-999.0,-999.0,101188.539062,0.0,-999.0,-999.0,100911.859375,0.0,-999.0,-999.0,100628.601562,0.0,-999.0,-999.0,100671.4375,0.0,-999.0,-999.0,100937.023438,0.0,-999.0,-999.0,101158.171875,0.0,-999.0,-999.0,101403.492188,0.0
-999.0,-999.0,0.0,292.049408,66.800003,5.096885,-3.373965,101236.46875,0.0,0.5,-999.0,-999.0,0.0,0.0,0.0,0.0,0.0,0.0,0.0,0.0,0.0,0.0,0.0,0.0,0.0,0.0,0.0,0.0,0.0,0.0,0.0,0.0,0.0,0.0,0.0,0.0,0.0,-999.0,-999.0,-999.0,-999.0,-999.0,-999.0,-999.0,-999.0,101216.539062,0.0,-999.0,-999.0,100924.664062,0.0,-999.0,-999.0,100678.203125,0.0,-999.0,-999.0,100724.242188,0.0,-999.0,-999.0,100980.21875,0.0,-999.0,-999.0,101222.171875,0.0,-999.0,-999.0,101426.6875,0.0
-999.0,-999.0,0.0,291.99942,71.074997,5.106885,-3.313965,101227.265625,0.0,0.5,-999.0,-999.0,0.0,0.0,0.0,0.0,0.0,0.0,0.0,0.0,0.0,0.0,0.0,0.0,0.0,0.0,0.0,0.0,0.0,0.0,0.0,0.0,0.0,0.0,0.0,0.0,0.0,-999.0,-999.0,-999.0,-999.0,-999.0,-999.0,-999.0,-999.0,101207.742188,0.0,-999.0,-999.0,100912.265625,0.0,-999.0,-999.0,100651.796875,0.0,-999.0,-999.0,100703.4375,0.0,-999.0,-999.0,100957.820312,0.0,-999.0,-999.0,101199.773438,0.0,-999.0,-999.0,101414.289062,0.0
0.068359,-999.0,1686.200073,297.224426,84.775002,-2.093115,-0.711465,79843.671875,6.4e-05,168.0,296.434326,0.2685,0.0,0.0,0.0,0.0,0.0,0.0,0.0,0.0,0.0,0.0,0.0,0.0,0.0,0.0,0.0,0.0,0.0,0.0,0.0,0.0,0.0,0.0,0.0,0.0,9.0,-999.0,-999.0,-999.0,-999.0,-999.0,-999.0,0.0,-999.0,79809.734375,0.0,0.029297,-999.0,79640.664062,0.0,6.287109,-999.0,79508.203125,0.0,50.078125,-999.0,79420.640625,0.0,44.611328,-999.0,79566.625,0.0,54.341797,-999.0,79705.773438,0.0,55.958984,-999.0,79798.6875,0.0
0.106934,-999.0,1587.800049,296.37442,88.275002,-1.923115,-1.166465,81553.265625,4.3e-05,120.0,296.559326,0.26675,0.0,0.0,0.0,0.0,0.0,0.0,0.0,0.0,0.0,0.0,0.0,0.0,0.0,0.0,0.0,0.0,0.0,0.0,0.0,0.0,0.0,0.0,0.0,0.0,7.0,-999.0,-999.0,-999.0,-999.0,-999.0,-999.0,0.018799,-999.0,81515.742188,0.0,0.420898,-999.0,81347.0625,0.0,9.449951,-999.0,81185.398438,0.0,59.895752,-999.0,81095.84375,0.0,57.282471,-999.0,81235.828125,0.0,51.597656,-999.0,81382.171875,0.0,58.524658,-999.0,81472.289062,0.0
-999.0,-999.0,0.0,292.049408,56.650002,2.889385,-2.741465,101384.46875,2e-06,2.75,-999.0,-999.0,0.0,0.0,0.0,0.0,0.0,0.0,0.0,0.0,0.0,0.0,0.0,0.0,0.0,0.0,0.0,0.0,0.0,0.0,0.0,0.0,0.0,0.0,0.0,0.0,0.0,-999.0,-999.0,-999.0,-999.0,-999.0,-999.0,-999.0,-999.0,101254.539062,0.0,-999.0,-999.0,100981.0625,0.0,-999.0,-999.0,100777.796875,0.0,-999.0,-999.0,100990.242188,0.0,-999.0,-999.0,101273.023438,0.0,-999.0,-999.0,101534.578125,0.0,-999.0,-999.0,101619.890625,0.0
-999.0,-999.0,0.0,291.899414,53.375,2.511885,-2.306465,101414.070312,3e-06,3.0,-999.0,-999.0,0.0,0.0,0.0,0.0,0.0,0.0,0.0,0.0,0.0,0.0,0.0,0.0,0.0,0.0,0.0,0.0,0.0,0.0,0.0,0.0,0.0,0.0,0.0,0.0,0.0,-999.0,-999.0,-999.0,-999.0,-999.0,-999.0,-999.0,-999.0,101281.734375,0.0,-999.0,-999.0,101027.0625,0.0,-999.0,-999.0,100895.0,0.0,-999.0,-999.0,101110.640625,0.0,-999.0,-999.0,101420.625,0.0,-999.0,-999.0,101666.171875,0.0,-999.0,-999.0,101719.085938,0.0
8.599609,-999.0,156.0,303.824402,65.075005,-3.250615,3.091035,97798.867188,0.0,74.75,302.859314,0.09425,0.0,0.0,0.0,0.0,0.0,0.0,0.0,0.0,0.0,0.0,0.0,0.0,0.0,0.0,0.0,0.0,0.0,0.0,0.0,0.0,0.0,0.0,0.0,0.0,10.0,-999.0,-999.0,-999.0,-999.0,-999.0,-999.0,3.864258,-999.0,97828.140625,0.0,8.083008,-999.0,97560.265625,0.0,23.078125,-999.0,97349.796875,0.0,49.099609,-999.0,97212.234375,0.0,54.042969,-999.0,97199.828125,0.0,49.301758,-999.0,97402.976562,0.0,35.862305,-999.0,97557.085938,0.0
-999.0,-999.0,0.0,302.274414,64.200005,-3.573114,0.368535,101490.070312,1.1e-05,1007.0,-999.0,-999.0,0.0,0.0,0.0,0.0,0.0,0.0,0.0,0.0,0.0,0.0,0.0,0.0,0.0,0.0,0.0,0.0,0.0,0.0,0.0,0.0,0.0,0.0,0.0,0.0,0.0,-999.0,-999.0,-999.0,-999.0,-999.0,-999.0,-999.0,-999.0,101629.34375,0.0,-999.0,-999.0,101503.867188,0.0,-999.0,-999.0,101242.203125,0.0,-999.0,-999.0,101209.4375,0.0,-999.0,-999.0,101372.625,0.0,-999.0,-999.0,101536.976562,0.0,-999.0,-999.0,101591.085938,0.0
-999.0,-999.0,0.0,300.199402,31.25,-4.033114,3.906035,102119.671875,1e-06,904.75,-999.0,-999.0,0.0,0.0,0.0,0.0,0.0,0.0,0.0,0.0,0.0,0.0,0.0,0.0,0.0,0.0,0.0,0.0,0.0,0.0,0.0,0.0,0.0,0.0,0.0,0.0,0.0,-999.0,-999.0,-999.0,-999.0,-999.0,-999.0,-999.0,-999.0,102242.539062,0.0,-999.0,-999.0,102356.664062,0.0,-999.0,-999.0,102121.796875,0.0,-999.0,-999.0,101716.234375,0.0,-999.0,-999.0,101975.023438,0.0,-999.0,-999.0,102102.976562,0.0,-999.0,-999.0,102205.09375,0.0
15.574219,-999.0,0.0,291.549408,69.925003,2.714385,-2.868965,101325.265625,0.0,1.0,-999.0,-999.0,0.0,0.0,0.0,0.0,0.0,0.0,0.0,0.0,0.0,0.0,0.0,0.0,0.0,0.0,0.0,0.0,0.0,0.0,0.0,0.0,0.0,0.0,0.0,0.0,0.0,-999.0,-999.0,-999.0,-999.0,-999.0,-999.0,13.183594,-999.0,101210.539062,0.0,15.015625,-999.0,100917.859375,0.0,16.765625,-999.0,100751.398438,0.0,20.277344,-999.0,100924.640625,0.0,30.441406,-999.0,101265.421875,0.0,24.96875,-999.0,101547.375,0.0,20.582031,-999.0,101639.484375,0.0
-999.0,-999.0,0.0,291.324402,65.050003,3.496885,-2.163965,101304.46875,0.0,2.0,-999.0,-999.0,0.0,0.0,0.0,0.0,0.0,0.0,0.0,0.0,0.0,0.0,0.0,0.0,0.0,0.0,0.0,0.0,0.0,0.0,0.0,0.0,0.0,0.0,0.0,0.0,0.0,-999.0,-999.0,-999.0,-999.0,-999.0,-999.0,-999.0,-999.0,101204.539062,0.0,-999.0,-999.0,100904.265625,0.0,-999.0,-999.0,100728.203125,0.0,-999.0,-999.0,100901.039062,0.0,-999.0,-999.0,101229.828125,0.0,-999.0,-999.0,101509.375,0.0,-999.0,-999.0,101616.6875,0.0
-999.0,-999.0,0.0,300.12442,56.600002,-2.923115,4.198535,102203.671875,8e-06,762.75,-999.0,-999.0,0.0,0.0,0.0,0.0,0.0,0.0,0.0,0.0,0.0,0.0,0.0,0.0,0.0,0.0,0.0,0.0,0.0,0.0,0.0,0.0,0.0,0.0,0.0,0.0,0.0,-999.0,-999.0,-999.0,-999.0,-999.0,-999.0,-999.0,-999.0,102301.34375,0.0,-999.0,-999.0,102427.859375,0.0,-999.0,-999.0,102241.796875,0.0,-999.0,-999.0,101850.640625,0.0,-999.0,-999.0,101991.421875,0.0,-999.0,-999.0,102178.171875,0.0,-999.0,-999.0,102259.890625,0.0
-999.0,-999.0,0.0,290.924408,60.625,2.096885,-3.196465,101377.265625,8e-06,2.25,-999.0,-999.0,0.0,0.0,0.0,0.0,0.0,0.0,0.0,0.0,0.0,0.0,0.0,0.0,0.0,0.0,0.0,0.0,0.0,0.0,0.0,0.0,0.0,0.0,0.0,0.0,0.0,-999.0,-999.0,-999.0,-999.0,-999.0,-999.0,-999.0,-999.0,101232.539062,0.0,-999.0,-999.0,100967.0625,0.0,-999.0,-999.0,100817.398438,0.0,-999.0,-999.0,101018.640625,0.0,-999.0,-999.0,101375.023438,0.0,-999.0,-999.0,101625.78125,0.0,-999.0,-999.0,101696.6875,0.0
10.828125,-999.0,0.0,290.974426,63.925003,4.999385,-2.156465,101027.664062,0.0,0.0,-999.0,-999.0,0.0,0.0,0.0,0.0,0.0,0.0,0.0,0.0,0.0,0.0,0.0,0.0,0.0,0.0,0.0,0.0,0.0,0.0,0.0,0.0,0.0,0.0,0.0,0.0,0.0,-999.0,-999.0,-999.0,-999.0,-999.0,-999.0,7.391797,-999.0,100995.742188,0.0,7.535156,-999.0,100675.46875,0.0,8.223828,-999.0,100423.398438,0.0,10.064844,-999.0,100524.242188,0.0,17.421875,-999.0,100767.421875,0.0,20.150391,-999.0,101062.976562,0.0,19.546484,-999.0,101232.6875,0.0
-999.0,-999.0,0.0,290.924438,63.900002,2.096885,-3.006465,101364.867188,8e-06,1.75,-999.0,-999.0,0.0,0.0,0.0,0.0,0.0,0.0,0.0,0.0,0.0,0.0,0.0,0.0,0.0,0.0,0.0,0.0,0.0,0.0,0.0,0.0,0.0,0.0,0.0,0.0,0.0,-999.0,-999.0,-999.0,-999.0,-999.0,-999.0,-999.0,-999.0,101222.9375,0.0,-999.0,-999.0,100944.265625,0.0,-999.0,-999.0,100795.398438,0.0,-999.0,-999.0,100987.4375,0.0,-999.0,-999.0,101350.625,0.0,-999.0,-999.0,101608.578125,0.0,-999.0,-999.0,101687.492188,0.0
-999.0,-999.0,0.0,291.399414,63.0,2.831885,-2.376465,101281.671875,0.0,1.5,-999.0,-999.0,0.0,0.0,0.0,0.0,0.0,0.0,0.0,0.0,0.0,0.0,0.0,0.0,0.0,0.0,0.0,0.0,0.0,0.0,0.0,0.0,0.0,0.0,0.0,0.0,0.0,-999.0,-999.0,-999.0,-999.0,-999.0,-999.0,-999.0,-999.0,101176.140625,0.0,-999.0,-999.0,100857.867188,0.0,-999.0,-999.0,100663.796875,0.0,-999.0,-999.0,100827.4375,0.0,-999.0,-999.0,101106.625,0.0,-999.0,-999.0,101412.578125,0.0,-999.0,-999.0,101548.6875,0.0
-999.0,-999.0,0.0,299.924408,27.875,-3.360615,4.376035,102086.0625,2e-06,974.75,-999.0,-999.0,0.0,0.0,0.0,0.0,0.0,0.0,0.0,0.0,0.0,0.0,0.0,0.0,0.0,0.0,0.0,0.0,0.0,0.0,0.0,0.0,0.0,0.0,0.0,0.0,0.0,-999.0,-999.0,-999.0,-999.0,-999.0,-999.0,-999.0,-999.0,102271.335938,0.0,-999.0,-999.0,102383.859375,0.0,-999.0,-999.0,102069.398438,0.0,-999.0,-999.0,101799.4375,0.0,-999.0,-999.0,102083.820312,0.0,-999.0,-999.0,102165.773438,0.0,-999.0,-999.0,102208.6875,0.0
28.216406,-999.0,0.0,309.224426,73.575005,-1.300615,5.671035,100113.265625,0.0,1174.5,309.909332,0.082,0.0,0.0,0.0,0.0,0.0,0.0,0.0,0.0,0.0,0.0,0.0,0.0,0.0,0.0,0.0,0.0,0.0,0.0,0.0,0.0,0.0,0.0,0.0,0.0,0.0,-999.0,-999.0,-999.0,-999.0,-999.0,-999.0,38.674217,-999.0,100000.9375,0.0,41.891407,-999.0,99601.0625,0.0,40.935547,-999.0,99327.0,0.0,22.5625,-999.0,99495.835938,0.0,27.026953,-999.0,99759.421875,0.0,22.598438,-999.0,100033.375,0.0,29.963282,-999.0,100198.6875,0.0
-999.0,-999.0,0.0,290.574402,68.275002,1.899385,-4.888965,101416.070312,7e-06,1.5,-999.0,-999.0,0.0,0.0,0.0,0.0,0.0,0.0,0.0,0.0,0.0,0.0,0.0,0.0,0.0,0.0,0.0,0.0,0.0,0.0,0.0,0.0,0.0,0.0,0.0,0.0,0.0,-999.0,-999.0,-999.0,-999.0,-999.0,-999.0,-999.0,-999.0,101258.140625,0.0,-999.0,-999.0,101036.664062,0.0,-999.0,-999.0,100909.796875,0.0,-999.0,-999.0,101117.84375,0.0,-999.0,-999.0,101460.625,0.0,-999.0,-999.0,101708.171875,0.0,-999.0,-999.0,101707.484375,0.0
-999.0,-999.0,0.0,291.24942,62.050003,3.161885,-2.288965,101293.671875,1e-06,1.0,-999.0,-999.0,0.0,0.0,0.0,0.0,0.0,0.0,0.0,0.0,0.0,0.0,0.0,0.0,0.0,0.0,0.0,0.0,0.0,0.0,0.0,0.0,0.0,0.0,0.0,0.0,0.0,-999.0,-999.0,-999.0,-999.0,-999.0,-999.0,-999.0,-999.0,101195.742188,0.0,-999.0,-999.0,100857.859375,0.0,-999.0,-999.0,100693.0,0.0,-999.0,-999.0,100862.640625,0.0,-999.0,-999.0,101203.023438,0.0,-999.0,-999.0,101498.570312,0.0,-999.0,-999.0,101605.085938,0.0
30.248829,-999.0,0.0,306.349426,65.450005,2.651885,0.266035,97349.265625,0.0,0.0,303.634338,0.057,0.0,0.0,0.0,0.0,0.0,0.0,0.0,0.0,0.0,0.0,0.0,0.0,0.0,0.0,0.0,0.0,0.0,0.0,0.0,0.0,0.0,0.0,0.0,0.0,10.0,-999.0,-999.0,-999.0,-999.0,-999.0,-999.0,28.593359,-999.0,97292.539062,0.0,29.354687,-999.0,96972.664062,0.0,31.36211,-999.0,96753.796875,0.0,32.310936,-999.0,96871.039062,0.0,43.270313,-999.0,97128.625,0.0,43.076561,-999.0,97417.375,0.0,38.850391,-999.0,97565.09375,0.0
58.116837,-999.0,201.199997,311.824402,67.75,-2.180614,0.108535,92434.867188,1.5e-05,19.0,310.284332,0.063,0.0,0.0,0.0,0.0,0.0,0.0,0.0,0.0,0.0,0.0,0.0,0.0,0.0,0.0,0.0,0.0,0.0,0.0,0.0,0.0,0.0,0.0,0.0,0.0,7.0,-999.0,-999.0,-999.0,-999.0,-999.0,-999.0,61.238144,-999.0,92284.9375,0.0,64.540909,-999.0,91947.0625,0.0,65.308548,-999.0,91806.601562,0.0,75.503632,-999.0,91981.4375,0.0,67.07103,-999.0,92189.828125,0.0,55.220703,-999.0,92414.976562,0.0,53.394653,-999.0,92482.289062,0.0
-999.0,-999.0,0.0,299.724426,49.0,0.409385,2.768535,102260.0625,3e-06,516.5,-999.0,-999.0,0.0,0.0,0.0,0.0,0.0,0.0,0.0,0.0,0.0,0.0,0.0,0.0,0.0,0.0,0.0,0.0,0.0,0.0,0.0,0.0,0.0,0.0,0.0,0.0,0.0,-999.0,-999.0,-999.0,-999.0,-999.0,-999.0,-999.0,-999.0,102358.539062,0.0,-999.0,-999.0,102530.664062,0.0,-999.0,-999.0,102387.398438,0.0,-999.0,-999.0,102122.234375,0.0,-999.0,-999.0,102160.625,0.0,-999.0,-999.0,102332.578125,0.0,-999.0,-999.0,102372.6875,0.0
-999.0,-999.0,0.0,290.324402,34.674999,0.751885,-5.388965,101536.0625,5e-06,1.0,-999.0,-999.0,0.0,0.0,0.0,0.0,0.0,0.0,0.0,0.0,0.0,0.0,0.0,0.0,0.0,0.0,0.0,0.0,0.0,0.0,0.0,0.0,0.0,0.0,0.0,0.0,0.0,-999.0,-999.0,-999.0,-999.0,-999.0,-999.0,-999.0,-999.0,101357.34375,0.0,-999.0,-999.0,101176.664062,0.0,-999.0,-999.0,101101.796875,0.0,-999.0,-999.0,101314.640625,0.0,-999.0,-999.0,101642.625,0.0,-999.0,-999.0,101828.976562,0.0,-999.0,-999.0,101732.6875,0.0
-999.0,-999.0,0.0,291.74942,63.800003,2.011885,-1.548965,101292.867188,0.0,0.5,-999.0,-999.0,0.0,0.0,0.0,0.0,0.0,0.0,0.0,0.0,0.0,0.0,0.0,0.0,0.0,0.0,0.0,0.0,0.0,0.0,0.0,0.0,0.0,0.0,0.0,0.0,0.0,-999.0,-999.0,-999.0,-999.0,-999.0,-999.0,-999.0,-999.0,101185.742188,0.0,-999.0,-999.0,100824.664062,0.0,-999.0,-999.0,100663.398438,0.0,-999.0,-999.0,100824.640625,0.0,-999.0,-999.0,101167.820312,0.0,-999.0,-999.0,101478.976562,0.0,-999.0,-999.0,101589.484375,0.0
0.037048,0.953333,34.299999,299.549408,86.675003,-1.728115,0.393535,101505.671875,0.0,1052.0,299.009338,0.15625,0.0,0.0,0.0,0.0,0.0,0.0,0.0,0.0,0.0,0.0,0.0,0.0,0.0,0.0,0.0,0.0,0.0,0.0,0.0,0.0,0.0,0.0,0.0,0.0,8.0,-999.0,-999.0,-999.0,-999.0,-999.0,-999.0,0.723389,0.986667,101826.539062,0.0,1.668091,1.162222,101806.265625,0.0,1.179565,0.744444,101712.601562,0.0,2.719604,1.166667,101652.640625,0.0,0.531982,1.046667,101671.023438,0.0,0.514099,0.807778,101823.375,0.0,0.024658,0.286667,101726.6875,0.0
0.037048,0.918333,34.299999,299.549408,86.675003,-1.728115,0.393535,101505.671875,0.0,1052.0,299.009338,0.15625,0.0,0.0,0.0,0.0,0.0,0.0,0.0,0.0,0.0,0.0,0.0,0.0,0.0,0.0,0.0,0.0,0.0,0.0,0.0,0.0,0.0,0.0,0.0,0.0,8.0,-999.0,-999.0,-999.0,-999.0,-999.0,-999.0,0.723389,1.026667,101826.539062,0.0,1.668091,1.151667,101806.265625,0.0,1.179565,0.733333,101712.601562,0.0,2.719604,1.146667,101652.640625,0.0,0.531982,1.021667,101671.023438,0.0,0.514099,0.8,101823.375,0.0,0.024658,0.316667,101726.6875,0.0
0.020462,0.855,0.9,297.474426,85.75,-1.093115,0.456035,101694.070312,0.000102,1158.25,298.184326,0.24825,0.0,0.0,0.0,0.0,0.0,0.0,0.0,0.0,0.0,0.0,0.0,0.0,0.0,0.0,0.0,0.0,0.0,0.0,0.0,0.0,0.0,0.0,0.0,0.0,8.0,-999.0,-999.0,-999.0,-999.0,-999.0,-999.0,0.801422,1.003333,101993.335938,0.0,0.699371,0.98,101991.46875,0.0,1.465897,0.615,101886.601562,0.0,1.962143,0.975,101847.039062,0.0,0.531769,0.86,101836.625,0.0,0.558472,0.68,101986.171875,0.0,0.17569,0.306667,101887.890625,0.0
-999.0,-999.0,0.0,290.199402,65.074997,2.051885,-5.108965,101397.664062,6e-06,1.5,-999.0,-999.0,0.0,0.0,0.0,0.0,0.0,0.0,0.0,0.0,0.0,0.0,0.0,0.0,0.0,0.0,0.0,0.0,0.0,0.0,0.0,0.0,0.0,0.0,0.0,0.0,0.0,-999.0,-999.0,-999.0,-999.0,-999.0,-999.0,-999.0,-999.0,101232.539062,0.0,-999.0,-999.0,100979.0625,0.0,-999.0,-999.0,100849.398438,0.0,-999.0,-999.0,101041.835938,0.0,-999.0,-999.0,101411.421875,0.0,-999.0,-999.0,101671.375,0.0,-999.0,-999.0,101680.289062,0.0
-999.0,-999.0,0.0,301.199402,61.375,-3.178115,6.781035,100904.46875,0.0,2399.25,-999.0,-999.0,0.0,0.0,0.0,0.0,0.0,0.0,0.0,0.0,0.0,0.0,0.0,0.0,0.0,0.0,0.0,0.0,0.0,0.0,0.0,0.0,0.0,0.0,0.0,0.0,0.0,-999.0,-999.0,-999.0,-999.0,-999.0,-999.0,-999.0,-999.0,100744.140625,0.0,-999.0,-999.0,100342.265625,0.0,-999.0,-999.0,100052.203125,0.0,-999.0,-999.0,100324.640625,0.0,-999.0,-999.0,100572.226562,0.0,-999.0,-999.0,100828.976562,0.0,-999.0,-999.0,100947.085938,0.0
-999.0,-999.0,0.0,290.549438,20.775002,0.361885,-5.511465,101572.0625,6e-06,0.75,-999.0,-999.0,0.0,0.0,0.0,0.0,0.0,0.0,0.0,0.0,0.0,0.0,0.0,0.0,0.0,0.0,0.0,0.0,0.0,0.0,0.0,0.0,0.0,0.0,0.0,0.0,0.0,-999.0,-999.0,-999.0,-999.0,-999.0,-999.0,-999.0,-999.0,101404.539062,0.0,-999.0,-999.0,101239.460938,0.0,-999.0,-999.0,101181.796875,0.0,-999.0,-999.0,101397.84375,0.0,-999.0,-999.0,101701.421875,0.0,-999.0,-999.0,101870.171875,0.0,-999.0,-999.0,101745.890625,0.0
-999.0,-999.0,0.0,290.12442,61.700001,2.234385,-4.788965,101380.46875,7e-06,1.0,-999.0,-999.0,0.0,0.0,0.0,0.0,0.0,0.0,0.0,0.0,0.0,0.0,0.0,0.0,0.0,0.0,0.0,0.0,0.0,0.0,0.0,0.0,0.0,0.0,0.0,0.0,0.0,-999.0,-999.0,-999.0,-999.0,-999.0,-999.0,-999.0,-999.0,101218.539062,0.0,-999.0,-999.0,100951.0625,0.0,-999.0,-999.0,100815.0,0.0,-999.0,-999.0,101005.4375,0.0,-999.0,-999.0,101383.828125,0.0,-999.0,-999.0,101648.976562,0.0,-999.0,-999.0,101670.289062,0.0
-999.0,-999.0,0.0,291.974426,64.75,1.394385,-0.993965,101291.265625,0.0,0.0,-999.0,-999.0,0.0,0.0,0.0,0.0,0.0,0.0,0.0,0.0,0.0,0.0,0.0,0.0,0.0,0.0,0.0,0.0,0.0,0.0,0.0,0.0,0.0,0.0,0.0,0.0,0.0,-999.0,-999.0,-999.0,-999.0,-999.0,-999.0,-999.0,-999.0,101169.335938,0.0,-999.0,-999.0,100812.664062,0.0,-999.0,-999.0,100653.398438,0.0,-999.0,-999.0,100803.039062,0.0,-999.0,-999.0,101159.421875,0.0,-999.0,-999.0,101479.375,0.0,-999.0,-999.0,101578.6875,0.0
-999.0,-999.0,0.0,299.37442,21.75,0.051885,4.548535,102178.070312,3e-06,400.5,-999.0,-999.0,0.0,0.0,0.0,0.0,0.0,0.0,0.0,0.0,0.0,0.0,0.0,0.0,0.0,0.0,0.0,0.0,0.0,0.0,0.0,0.0,0.0,0.0,0.0,0.0,0.0,-999.0,-999.0,-999.0,-999.0,-999.0,-999.0,-999.0,-999.0,102353.34375,0.0,-999.0,-999.0,102543.867188,0.0,-999.0,-999.0,102329.0,0.0,-999.0,-999.0,102096.242188,0.0,-999.0,-999.0,102264.625,0.0,-999.0,-999.0,102362.578125,0.0,-999.0,-999.0,102355.09375,0.0
-999.0,-999.0,0.0,299.449402,21.700001,-0.123115,4.873535,102159.265625,4e-06,489.5,-999.0,-999.0,0.0,0.0,0.0,0.0,0.0,0.0,0.0,0.0,0.0,0.0,0.0,0.0,0.0,0.0,0.0,0.0,0.0,0.0,0.0,0.0,0.0,0.0,0.0,0.0,0.0,-999.0,-999.0,-999.0,-999.0,-999.0,-999.0,-999.0,-999.0,102353.34375,0.0,-999.0,-999.0,102537.867188,0.0,-999.0,-999.0,102301.0,0.0,-999.0,-999.0,102081.4375,0.0,-999.0,-999.0,102264.21875,0.0,-999.0,-999.0,102348.976562,0.0,-999.0,-999.0,102339.890625,0.0
-999.0,-999.0,0.0,299.199432,32.825001,1.239385,2.843535,102267.265625,0.0,357.0,-999.0,-999.0,0.0,0.0,0.0,0.0,0.0,0.0,0.0,0.0,0.0,0.0,0.0,0.0,0.0,0.0,0.0,0.0,0.0,0.0,0.0,0.0,0.0,0.0,0.0,0.0,0.0,-999.0,-999.0,-999.0,-999.0,-999.0,-999.0,-999.0,-999.0,102386.140625,0.0,-999.0,-999.0,102578.664062,0.0,-999.0,-999.0,102480.601562,0.0,-999.0,-999.0,102286.640625,0.0,-999.0,-999.0,102319.421875,0.0,-999.0,-999.0,102460.976562,0.0,-999.0,-999.0,102467.890625,0.0
-999.0,-999.0,0.0,299.299408,15.75,1.264385,3.618535,102209.265625,2e-06,282.5,-999.0,-999.0,0.0,0.0,0.0,0.0,0.0,0.0,0.0,0.0,0.0,0.0,0.0,0.0,0.0,0.0,0.0,0.0,0.0,0.0,0.0,0.0,0.0,0.0,0.0,0.0,0.0,-999.0,-999.0,-999.0,-999.0,-999.0,-999.0,-999.0,-999.0,102379.734375,0.0,-999.0,-999.0,102579.460938,0.0,-999.0,-999.0,102423.398438,0.0,-999.0,-999.0,102199.4375,0.0,-999.0,-999.0,102316.21875,0.0,-999.0,-999.0,102427.773438,0.0,-999.0,-999.0,102427.09375,0.0
-999.0,-999.0,0.0,290.924408,9.400001,-0.123115,-5.468965,101694.867188,5e-06,1.0,-999.0,-999.0,-999.0,-999.0,-999.0,-999.0,-999.0,-999.0,-999.0,-999.0,-999.0,-999.0,-999.0,-999.0,-999.0,-999.0,-999.0,-999.0,-999.0,-999.0,-999.0,-999.0,-999.0,-999.0,-999.0,-999.0,0.0,-999.0,-999.0,-999.0,-999.0,-999.0,-999.0,-999.0,-999.0,101555.742188,-999.0,-999.0,-999.0,101441.867188,-999.0,-999.0,-999.0,101422.203125,-999.0,-999.0,-999.0,101640.640625,-999.0,-999.0,-999.0,101887.421875,-999.0,-999.0,-999.0,101988.976562,-999.0,-999.0,-999.0,101804.6875,-999.0
-999.0,-999.0,0.0,299.37442,25.200001,2.046885,3.508535,102220.46875,2e-06,168.5,-999.0,-999.0,0.0,0.0,0.0,0.0,0.0,0.0,0.0,0.0,0.0,0.0,0.0,0.0,0.0,0.0,0.0,0.0,0.0,0.0,0.0,0.0,0.0,0.0,0.0,0.0,0.0,-999.0,-999.0,-999.0,-999.0,-999.0,-999.0,-999.0,-999.0,102391.34375,0.0,-999.0,-999.0,102591.0625,0.0,-999.0,-999.0,102461.796875,0.0,-999.0,-999.0,102254.640625,0.0,-999.0,-999.0,102342.625,0.0,-999.0,-999.0,102460.976562,0.0,-999.0,-999.0,102453.484375,0.0
-999.0,-999.0,0.0,299.324402,28.025002,2.081885,3.666035,102225.664062,2e-06,196.75,-999.0,-999.0,0.0,0.0,0.0,0.0,0.0,0.0,0.0,0.0,0.0,0.0,0.0,0.0,0.0,0.0,0.0,0.0,0.0,0.0,0.0,0.0,0.0,0.0,0.0,0.0,0.0,-999.0,-999.0,-999.0,-999.0,-999.0,-999.0,-999.0,-999.0,102390.539062,0.0,-999.0,-999.0,102591.859375,0.0,-999.0,-999.0,102470.601562,0.0,-999.0,-999.0,102263.4375,0.0,-999.0,-999.0,102343.421875,0.0,-999.0,-999.0,102466.171875,0.0,-999.0,-999.0,102456.6875,0.0
-999.0,-999.0,0.0,299.324402,27.525002,2.459385,3.783535,102230.867188,0.0,178.25,-999.0,-999.0,0.0,0.0,0.0,0.0,0.0,0.0,0.0,0.0,0.0,0.0,0.0,0.0,0.0,0.0,0.0,0.0,0.0,0.0,0.0,0.0,0.0,0.0,0.0,0.0,0.0,-999.0,-999.0,-999.0,-999.0,-999.0,-999.0,-999.0,-999.0,102388.539062,0.0,-999.0,-999.0,102592.265625,0.0,-999.0,-999.0,102477.796875,0.0,-999.0,-999.0,102271.4375,0.0,-999.0,-999.0,102345.023438,0.0,-999.0,-999.0,102470.578125,0.0,-999.0,-999.0,102459.890625,0.0
-999.0,-999.0,0.0,299.174438,21.075001,1.611885,3.221035,102262.867188,0.0,330.5,-999.0,-999.0,0.0,0.0,0.0,0.0,0.0,0.0,0.0,0.0,0.0,0.0,0.0,0.0,0.0,0.0,0.0,0.0,0.0,0.0,0.0,0.0,0.0,0.0,0.0,0.0,0.0,-999.0,-999.0,-999.0,-999.0,-999.0,-999.0,-999.0,-999.0,102390.539062,0.0,-999.0,-999.0,102590.664062,0.0,-999.0,-999.0,102490.203125,0.0,-999.0,-999.0,102308.234375,0.0,-999.0,-999.0,102347.023438,0.0,-999.0,-999.0,102484.171875,0.0,-999.0,-999.0,102481.890625,0.0
-999.0,-999.0,0.0,289.62442,11.975,1.351885,-5.358965,101534.867188,6e-06,1.5,-999.0,-999.0,0.0,0.0,0.0,0.0,0.0,0.0,0.0,0.0,0.0,0.0,0.0,0.0,0.0,0.0,0.0,0.0,0.0,0.0,0.0,0.0,0.0,0.0,0.0,0.0,0.0,-999.0,-999.0,-999.0,-999.0,-999.0,-999.0,-999.0,-999.0,101347.34375,0.0,-999.0,-999.0,101132.265625,0.0,-999.0,-999.0,101089.796875,0.0,-999.0,-999.0,101289.4375,0.0,-999.0,-999.0,101634.625,0.0,-999.0,-999.0,101794.171875,0.0,-999.0,-999.0,101683.484375,0.0
1.073181,0.95,29.4,299.449402,68.550003,0.029385,2.193535,100880.867188,0.0,158.25,298.034332,0.146,0.0,0.0,0.0,0.0,0.0,0.0,0.0,0.0,0.0,0.0,0.0,0.0,0.0,0.0,0.0,0.0,0.0,0.0,0.0,0.0,0.0,0.0,0.0,0.0,8.0,-999.0,-999.0,-999.0,-999.0,-999.0,-999.0,9.881409,1.155,101225.742188,0.0,3.6474,1.163333,101213.0625,0.0,2.770996,1.238333,101109.0,0.0,12.14801,1.063333,101004.640625,0.0,9.630493,1.336667,101041.828125,0.0,8.52301,1.078333,101180.171875,0.0,2.281189,1.136667,101064.6875,0.0
1.073181,1.0125,29.4,299.449402,68.550003,0.029385,2.193535,100880.867188,0.0,158.25,298.034332,0.146,0.0,0.0,0.0,0.0,0.0,0.0,0.0,0.0,0.0,0.0,0.0,0.0,0.0,0.0,0.0,0.0,0.0,0.0,0.0,0.0,0.0,0.0,0.0,0.0,8.0,-999.0,-999.0,-999.0,-999.0,-999.0,-999.0,9.881409,1.19,101225.742188,0.0,3.6474,1.2575,101213.0625,0.0,2.770996,1.3125,101109.0,0.0,12.14801,1.095,101004.640625,0.0,9.630493,1.375,101041.828125,0.0,8.52301,1.1125,101180.171875,0.0,2.281189,1.1075,101064.6875,0.0
-999.0,-999.0,0.0,299.549408,19.450001,1.326885,3.926035,102095.265625,1.7e-05,414.5,-999.0,-999.0,0.0,0.0,0.0,0.0,0.0,0.0,0.0,0.0,0.0,0.0,0.0,0.0,0.0,0.0,0.0,0.0,0.0,0.0,0.0,0.0,0.0,0.0,0.0,0.0,0.0,-999.0,-999.0,-999.0,-999.0,-999.0,-999.0,-999.0,-999.0,102378.9375,0.0,-999.0,-999.0,102532.664062,0.0,-999.0,-999.0,102257.0,0.0,-999.0,-999.0,102159.039062,0.0,-999.0,-999.0,102319.421875,0.0,-999.0,-999.0,102355.375,0.0,-999.0,-999.0,102265.890625,0.0
-999.0,-999.0,0.0,299.549408,19.450001,1.326885,3.926035,102095.265625,1.7e-05,414.5,-999.0,-999.0,0.0,0.0,0.0,0.0,0.0,0.0,0.0,0.0,0.0,0.0,0.0,0.0,0.0,0.0,0.0,0.0,0.0,0.0,0.0,0.0,0.0,0.0,0.0,0.0,0.0,-999.0,-999.0,-999.0,-999.0,-999.0,-999.0,-999.0,-999.0,102378.9375,0.0,-999.0,-999.0,102532.664062,0.0,-999.0,-999.0,102257.0,0.0,-999.0,-999.0,102159.039062,0.0,-999.0,-999.0,102319.421875,0.0,-999.0,-999.0,102355.375,0.0,-999.0,-999.0,102265.890625,0.0
56.796448,-999.0,218.100006,305.774414,53.0,1.944385,0.736035,92644.46875,2e-06,119.5,304.159332,0.068,0.0,0.0,0.0,0.0,0.0,0.0,0.0,0.0,0.0,0.0,0.0,0.0,0.0,0.0,0.0,0.0,0.0,0.0,0.0,0.0,0.0,0.0,0.0,0.0,10.0,-999.0,-999.0,-999.0,-999.0,-999.0,-999.0,38.929688,-999.0,92525.335938,0.0,54.478699,-999.0,92172.664062,0.0,57.908691,-999.0,92047.796875,0.0,62.376251,-999.0,92170.640625,0.0,62.230682,-999.0,92502.625,0.0,67.802795,-999.0,92735.375,0.0,53.509125,-999.0,92803.484375,0.0
-999.0,-999.0,0.0,299.24942,14.075,2.611885,3.541035,102213.265625,3e-06,221.5,-999.0,-999.0,0.0,0.0,0.0,0.0,0.0,0.0,0.0,0.0,0.0,0.0,0.0,0.0,0.0,0.0,0.0,0.0,0.0,0.0,0.0,0.0,0.0,0.0,0.0,0.0,0.0,-999.0,-999.0,-999.0,-999.0,-999.0,-999.0,-999.0,-999.0,102396.140625,0.0,-999.0,-999.0,102597.867188,0.0,-999.0,-999.0,102481.398438,0.0,-999.0,-999.0,102280.640625,0.0,-999.0,-999.0,102369.421875,0.0,-999.0,-999.0,102482.976562,0.0,-999.0,-999.0,102464.289062,0.0
-999.0,-999.0,0.0,299.399414,19.450001,1.551885,3.326035,102104.46875,1e-06,271.5,-999.0,-999.0,0.0,0.0,0.0,0.0,0.0,0.0,0.0,0.0,0.0,0.0,0.0,0.0,0.0,0.0,0.0,0.0,0.0,0.0,0.0,0.0,0.0,0.0,0.0,0.0,0.0,-999.0,-999.0,-999.0,-999.0,-999.0,-999.0,-999.0,-999.0,102392.140625,0.0,-999.0,-999.0,102566.265625,0.0,-999.0,-999.0,102336.601562,0.0,-999.0,-999.0,102226.234375,0.0,-999.0,-999.0,102370.625,0.0,-999.0,-999.0,102405.773438,0.0,-999.0,-999.0,102295.890625,0.0
40.671539,3.525,115.700005,315.699402,60.5,2.164385,2.243535,98581.265625,0.0,607.0,313.534332,0.0725,0.0,0.0,0.0,0.0,0.0,0.0,0.0,0.0,0.0,0.0,0.0,0.0,0.0,0.0,0.0,0.0,0.0,0.0,0.0,0.0,0.0,0.0,0.0,0.0,7.0,-999.0,-999.0,-999.0,-999.0,-999.0,-999.0,63.916748,3.63,98477.734375,0.0,71.001923,4.0275,98083.867188,0.0,69.832993,5.255,97771.0,0.0,73.321381,5.27,97994.640625,0.0,75.01561,4.5125,98226.625,0.0,63.891266,3.8875,98487.375,0.0,52.98114,3.1425,98673.484375,0.0
-999.0,-999.0,0.0,299.224426,9.650001,2.259385,4.488535,102221.671875,1.5e-05,216.25,-999.0,-999.0,0.0,0.0,0.0,0.0,0.0,0.0,0.0,0.0,0.0,0.0,0.0,0.0,0.0,0.0,0.0,0.0,0.0,0.0,0.0,0.0,0.0,0.0,0.0,0.0,0.0,-999.0,-999.0,-999.0,-999.0,-999.0,-999.0,-999.0,-999.0,102399.734375,0.0,-999.0,-999.0,102610.664062,0.0,-999.0,-999.0,102505.398438,0.0,-999.0,-999.0,102323.835938,0.0,-999.0,-999.0,102399.421875,0.0,-999.0,-999.0,102515.773438,0.0,-999.0,-999.0,102487.09375,0.0
-999.0,-999.0,0.0,299.049408,20.525,2.991885,3.626035,102193.664062,1e-06,195.5,-999.0,-999.0,0.0,0.0,0.0,0.0,0.0,0.0,0.0,0.0,0.0,0.0,0.0,0.0,0.0,0.0,0.0,0.0,0.0,0.0,0.0,0.0,0.0,0.0,0.0,0.0,0.0,-999.0,-999.0,-999.0,-999.0,-999.0,-999.0,-999.0,-999.0,102405.34375,0.0,-999.0,-999.0,102618.265625,0.0,-999.0,-999.0,102502.601562,0.0,-999.0,-999.0,102315.4375,0.0,-999.0,-999.0,102417.421875,0.0,-999.0,-999.0,102522.171875,0.0,-999.0,-999.0,102467.890625,0.0
-999.0,-999.0,0.0,299.199402,24.825001,2.264385,4.221035,102128.867188,4.4e-05,212.0,-999.0,-999.0,0.0,0.0,0.0,0.0,0.0,0.0,0.0,0.0,0.0,0.0,0.0,0.0,0.0,0.0,0.0,0.0,0.0,0.0,0.0,0.0,0.0,0.0,0.0,0.0,0.0,-999.0,-999.0,-999.0,-999.0,-999.0,-999.0,-999.0,-999.0,102391.734375,0.0,-999.0,-999.0,102606.265625,0.0,-999.0,-999.0,102421.796875,0.0,-999.0,-999.0,102272.242188,0.0,-999.0,-999.0,102399.421875,0.0,-999.0,-999.0,102465.78125,0.0,-999.0,-999.0,102367.484375,0.0
3.183975,0.64,75.300003,297.949402,69.224998,-0.735615,1.511035,99760.0625,1.5e-05,288.5,296.759338,0.28775,0.0,0.0,0.0,0.0,0.0,0.0,0.0,0.0,0.0,0.0,0.0,0.0,0.0,0.0,0.0,0.0,0.0,0.0,0.0,0.0,0.0,0.0,0.0,0.0,8.0,-999.0,-999.0,-999.0,-999.0,-999.0,-999.0,3.923523,1.005,100129.335938,11.131502,2.731018,0.87,100133.460938,0.0,9.929062,1.085,100033.796875,0.0,7.376266,1.04,99889.039062,0.0,6.628418,1.0975,99941.828125,0.0,6.668457,0.7475,100050.171875,0.0,3.549362,0.9875,99973.890625,0.0
-999.0,-999.0,0.0,299.324402,17.425001,2.546885,3.651035,102095.265625,3e-06,209.25,-999.0,-999.0,0.0,0.0,0.0,0.0,0.0,0.0,0.0,0.0,0.0,0.0,0.0,0.0,0.0,0.0,0.0,0.0,0.0,0.0,0.0,0.0,0.0,0.0,0.0,0.0,0.0,-999.0,-999.0,-999.0,-999.0,-999.0,-999.0,-999.0,-999.0,102402.140625,0.0,-999.0,-999.0,102595.46875,0.0,-999.0,-999.0,102399.796875,0.0,-999.0,-999.0,102286.234375,0.0,-999.0,-999.0,102417.828125,0.0,-999.0,-999.0,102450.578125,0.0,-999.0,-999.0,102313.484375,0.0
-999.0,-999.0,0.0,290.12442,18.0,1.094385,-5.823965,101641.265625,6e-06,1.25,-999.0,-999.0,0.0,0.0,0.0,0.0,0.0,0.0,0.0,0.0,0.0,0.0,0.0,0.0,0.0,0.0,0.0,0.0,0.0,0.0,0.0,0.0,0.0,0.0,0.0,0.0,0.0,-999.0,-999.0,-999.0,-999.0,-999.0,-999.0,-999.0,-999.0,101474.140625,0.0,-999.0,-999.0,101331.46875,0.0,-999.0,-999.0,101312.203125,0.0,-999.0,-999.0,101525.039062,0.0,-999.0,-999.0,101797.023438,0.0,-999.0,-999.0,101916.976562,0.0,-999.0,-999.0,101706.6875,0.0
-999.0,-999.0,0.0,290.224396,17.975,0.694385,-5.846465,101671.265625,9e-06,1.25,-999.0,-999.0,0.0,0.0,0.0,0.0,0.0,0.0,0.0,0.0,0.0,0.0,0.0,0.0,0.0,0.0,0.0,0.0,0.0,0.0,0.0,0.0,0.0,0.0,0.0,0.0,0.0,-999.0,-999.0,-999.0,-999.0,-999.0,-999.0,-999.0,-999.0,101512.140625,0.0,-999.0,-999.0,101379.46875,0.0,-999.0,-999.0,101358.601562,0.0,-999.0,-999.0,101574.234375,0.0,-999.0,-999.0,101837.023438,0.0,-999.0,-999.0,101944.578125,0.0,-999.0,-999.0,101734.6875,0.0
5.722778,0.7775,37.799999,297.699402,79.25,0.156885,1.106035,99991.671875,3.9e-05,390.0,297.009338,0.294,0.0,0.0,0.0,0.0,0.0,0.0,0.0,0.0,0.0,0.0,0.0,0.0,0.0,0.0,0.0,0.0,0.0,0.0,0.0,0.0,0.0,0.0,0.0,0.0,5.0,-999.0,-999.0,-999.0,-999.0,-999.0,-999.0,2.162445,1.1125,100367.335938,0.0,2.537384,0.855,100352.265625,0.0,12.607758,1.1475,100271.0,0.0,10.670044,1.145,100126.242188,0.0,9.882904,1.1,100170.226562,0.0,7.198395,0.855,100255.773438,0.0,6.008575,1.06,100209.09375,0.0
-999.0,-999.0,0.0,300.174408,38.575001,3.221885,5.213535,101910.070312,1.1e-05,1314.75,-999.0,-999.0,0.0,0.0,0.0,0.0,0.0,0.0,0.0,0.0,0.0,0.0,0.0,0.0,0.0,0.0,0.0,0.0,0.0,0.0,0.0,0.0,0.0,0.0,0.0,0.0,0.0,-999.0,-999.0,-999.0,-999.0,-999.0,-999.0,-999.0,-999.0,102322.140625,0.0,-999.0,-999.0,102423.0625,0.0,-999.0,-999.0,102166.203125,0.0,-999.0,-999.0,102245.84375,0.0,-999.0,-999.0,102240.21875,0.0,-999.0,-999.0,102222.171875,0.0,-999.0,-999.0,102237.890625,0.0
5.503967,0.835,54.0,298.449402,75.550003,-0.553115,1.178535,100420.46875,5.6e-05,437.0,297.109314,0.30475,0.0,0.0,0.0,0.0,0.0,0.0,0.0,0.0,0.0,0.0,0.0,0.0,0.0,0.0,0.0,0.0,0.0,0.0,0.0,0.0,0.0,0.0,0.0,0.0,8.0,-999.0,-999.0,-999.0,-999.0,-999.0,-999.0,1.325317,0.9,100809.34375,0.0,12.925537,0.993333,100788.664062,0.0,14.056519,1.053333,100647.796875,0.0,11.746338,0.98,100489.039062,9.46862,8.664795,0.835,100506.21875,0.0,3.68158,0.561667,100594.578125,0.0,6.322632,1.015,100609.484375,0.0
-999.0,-999.0,0.0,300.899414,32.850002,3.301885,5.638535,101947.265625,7e-06,575.0,-999.0,-999.0,0.0,0.0,0.0,0.0,0.0,0.0,0.0,0.0,0.0,0.0,0.0,0.0,0.0,0.0,0.0,0.0,0.0,0.0,0.0,0.0,0.0,0.0,0.0,0.0,0.0,-999.0,-999.0,-999.0,-999.0,-999.0,-999.0,-999.0,-999.0,102356.539062,0.0,-999.0,-999.0,102503.859375,0.0,-999.0,-999.0,102279.398438,0.0,-999.0,-999.0,102295.835938,0.0,-999.0,-999.0,102345.421875,0.0,-999.0,-999.0,102366.578125,0.0,-999.0,-999.0,102152.289062,0.0
27.032776,0.97,0.0,297.024414,33.25,0.746885,2.123535,101022.46875,3e-06,0.0,299.409332,0.198,0.0,0.0,0.0,0.0,0.0,0.0,0.0,0.0,0.0,0.0,0.0,0.0,0.0,0.0,0.0,0.0,0.0,0.0,0.0,0.0,0.0,0.0,0.0,0.0,13.0,-999.0,-999.0,-999.0,-999.0,-999.0,-999.0,27.425537,0.595,100909.34375,0.0,28.08844,0.47,100519.46875,0.0,34.125305,0.67,100316.203125,0.0,33.74707,0.6625,100458.640625,0.0,31.21875,0.8575,100851.421875,0.0,36.581177,0.7975,101186.171875,0.0,37.912598,0.5575,101271.890625,0.0
12.606445,1.081667,42.200001,299.224426,70.974998,-0.215615,1.258535,100773.664062,2e-06,450.5,297.909332,0.2605,0.0,0.0,0.0,0.0,0.0,0.0,0.0,0.0,0.0,0.0,0.0,0.0,0.0,0.0,0.0,0.0,0.0,0.0,0.0,0.0,0.0,0.0,0.0,0.0,4.0,-999.0,-999.0,-999.0,-999.0,-999.0,-999.0,6.74707,1.078333,101137.734375,0.0,4.600586,1.32,101113.46875,0.0,14.75,1.14,100944.203125,0.0,15.217773,1.061667,100792.640625,0.0,11.105469,1.043333,100800.625,0.0,8.511719,0.775,100873.773438,0.0,9.532227,1.01,100926.289062,0.0
7.498444,1.241667,40.200001,300.349426,72.474998,-0.300615,1.531035,101054.867188,1.9e-05,560.5,298.684326,0.25875,0.0,0.0,0.0,0.0,0.0,0.0,0.0,0.0,0.0,0.0,0.0,0.0,0.0,0.0,0.0,0.0,0.0,0.0,0.0,0.0,0.0,0.0,0.0,0.0,12.0,-999.0,-999.0,-999.0,-999.0,-999.0,-999.0,2.472244,1.296667,101432.9375,9.84546,4.450806,1.346667,101414.664062,0.0,11.539337,1.19,101234.601562,0.0,11.846756,1.121667,101080.640625,0.0,11.037994,1.103333,101074.625,0.0,7.773483,0.86,101134.578125,0.0,7.619644,1.071667,101216.6875,0.0
3.460938,-999.0,0.0,299.724426,37.150002,4.099385,4.833535,101855.671875,0.0,1580.25,-999.0,-999.0,0.0,0.0,0.0,0.0,0.0,0.0,0.0,0.0,0.0,0.0,0.0,0.0,0.0,0.0,0.0,0.0,0.0,0.0,0.0,0.0,0.0,0.0,0.0,0.0,0.0,-999.0,-999.0,-999.0,-999.0,-999.0,-999.0,0.761719,-999.0,102298.140625,0.0,0.375,-999.0,102429.46875,0.0,0.929688,-999.0,102215.398438,0.0,0.722656,-999.0,102261.835938,0.0,0.097656,-999.0,102249.421875,0.0,0.367188,-999.0,102272.976562,0.0,3.433594,-999.0,102318.6875,0.0
-999.0,-999.0,0.0,299.424408,23.0,3.589385,3.516035,102057.671875,1e-06,183.75,-999.0,-999.0,0.0,0.0,0.0,0.0,0.0,0.0,0.0,0.0,0.0,0.0,0.0,0.0,0.0,0.0,0.0,0.0,0.0,0.0,0.0,0.0,0.0,0.0,0.0,0.0,0.0,-999.0,-999.0,-999.0,-999.0,-999.0,-999.0,-999.0,-999.0,102404.9375,0.0,-999.0,-999.0,102623.859375,0.0,-999.0,-999.0,102460.203125,0.0,-999.0,-999.0,102355.84375,0.0,-999.0,-999.0,102472.21875,0.0,-999.0,-999.0,102504.976562,0.0,-999.0,-999.0,102318.6875,0.0
23.025452,1.05,39.200001,299.774414,14.3,2.034385,1.231035,99057.265625,0.0,0.0,298.309326,0.13425,0.0,0.0,0.0,0.0,0.0,0.0,0.0,0.0,0.0,0.0,0.0,0.0,0.0,0.0,0.0,0.0,0.0,0.0,0.0,0.0,0.0,0.0,0.0,0.0,9.0,-999.0,-999.0,-999.0,-999.0,-999.0,-999.0,22.139938,0.7575,98914.539062,0.0,20.899963,0.6025,98522.664062,0.0,24.215881,1.0,98346.601562,0.0,23.944778,1.2725,98507.4375,0.0,24.076691,1.305,98888.21875,0.0,26.509506,1.02,99215.773438,0.0,26.62294,0.605,99305.890625,0.0
-999.0,-999.0,0.0,299.199402,29.025,3.294385,3.416035,102187.265625,2e-05,119.25,-999.0,-999.0,0.0,0.0,0.0,0.0,0.0,0.0,0.0,0.0,0.0,0.0,0.0,0.0,0.0,0.0,0.0,0.0,0.0,0.0,0.0,0.0,0.0,0.0,0.0,0.0,0.0,-999.0,-999.0,-999.0,-999.0,-999.0,-999.0,-999.0,-999.0,102443.34375,0.0,-999.0,-999.0,102667.859375,0.0,-999.0,-999.0,102582.203125,0.0,-999.0,-999.0,102454.234375,0.0,-999.0,-999.0,102544.226562,0.0,-999.0,-999.0,102641.375,0.0,-999.0,-999.0,102543.484375,0.0
9.693848,0.618333,0.0,292.974426,11.325,1.959385,-1.361465,100294.46875,4e-06,0.0,293.259338,0.0485,0.0,0.0,0.0,0.0,0.0,0.0,0.0,0.0,0.0,0.0,0.0,0.0,0.0,0.0,0.0,0.0,0.0,0.0,0.0,0.0,0.0,0.0,0.0,0.0,0.0,-999.0,-999.0,-999.0,-999.0,-999.0,-999.0,3.875,0.32,100143.742188,0.0,6.995117,0.268333,99757.0625,0.0,22.680664,0.608333,99635.796875,0.0,25.475586,0.876667,99795.039062,0.0,23.890625,0.935,100174.21875,0.0,20.101074,0.903333,100492.171875,0.0,12.863281,0.608333,100554.6875,0.0
9.503296,1.845,154.900009,295.24942,11.325001,0.111885,1.408535,97928.070312,2e-06,0.0,295.08432,0.04725,0.0,0.0,0.0,0.0,0.0,0.0,0.0,0.0,0.0,0.0,0.0,0.0,0.0,0.0,0.0,0.0,0.0,0.0,0.0,0.0,0.0,0.0,0.0,0.0,6.0,-999.0,-999.0,-999.0,-999.0,-999.0,-999.0,4.774658,1.613333,97792.140625,0.0,11.734375,1.933333,97385.859375,0.0,26.868042,2.095,97225.0,0.0,28.002686,2.125,97375.039062,0.0,22.969482,2.071666,97749.421875,0.0,22.903442,1.763333,98075.375,0.0,15.816406,1.411667,98153.890625,0.0
30.079102,2.096667,989.5,298.424408,12.475,-0.695615,0.968535,91228.0625,0.0,0.0,298.559326,0.065,0.0,0.0,0.0,0.0,0.0,0.0,0.0,0.0,0.0,0.0,0.0,0.0,0.0,0.0,0.0,0.0,0.0,0.0,0.0,0.0,0.0,0.0,0.0,0.0,9.0,-999.0,-999.0,-999.0,-999.0,-999.0,-999.0,29.106445,1.916667,91084.539062,0.0,29.12793,1.576667,90761.460938,0.0,41.842773,2.34,90661.0,0.0,41.572266,2.718333,90852.242188,0.0,38.135742,2.666667,91102.625,0.0,37.236328,1.921667,91331.773438,0.0,36.592773,1.473333,91381.484375,0.0
6.150757,1.225,685.200012,298.974426,75.625,1.474385,2.703535,90337.671875,0.0,276.5,297.559326,0.2765,0.0,0.0,0.0,0.0,0.0,0.0,0.0,0.0,0.0,0.0,0.0,0.0,0.0,0.0,0.0,0.0,0.0,0.0,0.0,0.0,0.0,0.0,0.0,0.0,10.0,-999.0,-999.0,-999.0,-999.0,-999.0,-999.0,0.545288,0.803333,90488.9375,0.0,0.490845,0.736667,90394.664062,0.0,5.329346,0.598333,90253.398438,0.0,2.209595,0.711667,89983.039062,0.0,8.859009,0.626667,89543.828125,0.0,52.544067,2.141667,89693.375,0.0,62.502563,3.068333,89786.6875,0.0
-999.0,-999.0,0.0,288.049408,11.5,3.096885,-4.731465,101386.867188,1e-05,0.75,-999.0,-999.0,0.0,0.0,0.0,0.0,0.0,0.0,0.0,0.0,0.0,0.0,0.0,0.0,0.0,0.0,0.0,0.0,0.0,0.0,0.0,0.0,0.0,0.0,0.0,0.0,0.0,-999.0,-999.0,-999.0,-999.0,-999.0,-999.0,-999.0,-999.0,101163.734375,0.0,-999.0,-999.0,100823.859375,0.0,-999.0,-999.0,100804.203125,0.0,-999.0,-999.0,101027.84375,0.0,-999.0,-999.0,101399.023438,0.0,-999.0,-999.0,101643.773438,0.0,-999.0,-999.0,101612.6875,0.0
-999.0,-999.0,0.0,288.049408,11.5,3.096885,-4.731465,101386.867188,1e-05,0.75,-999.0,-999.0,0.0,0.0,0.0,0.0,0.0,0.0,0.0,0.0,0.0,0.0,0.0,0.0,0.0,0.0,0.0,0.0,0.0,0.0,0.0,0.0,0.0,0.0,0.0,0.0,0.0,-999.0,-999.0,-999.0,-999.0,-999.0,-999.0,-999.0,-999.0,101163.734375,0.0,-999.0,-999.0,100823.859375,0.0,-999.0,-999.0,100804.203125,0.0,-999.0,-999.0,101027.84375,0.0,-999.0,-999.0,101399.023438,0.0,-999.0,-999.0,101643.773438,0.0,-999.0,-999.0,101612.6875,0.0
-999.0,-999.0,0.0,288.224426,12.3,2.876885,-2.821465,101363.265625,5e-06,0.5,-999.0,-999.0,0.0,0.0,0.0,0.0,0.0,0.0,0.0,0.0,0.0,0.0,0.0,0.0,0.0,0.0,0.0,0.0,0.0,0.0,0.0,0.0,0.0,0.0,0.0,0.0,0.0,-999.0,-999.0,-999.0,-999.0,-999.0,-999.0,-999.0,-999.0,101164.9375,0.0,-999.0,-999.0,100776.664062,0.0,-999.0,-999.0,100747.0,0.0,-999.0,-999.0,100962.640625,0.0,-999.0,-999.0,101338.226562,0.0,-999.0,-999.0,101612.976562,0.0,-999.0,-999.0,101611.085938,0.0
-999.0,-999.0,0.0,288.224426,12.3,2.876885,-2.821465,101363.265625,5e-06,0.5,-999.0,-999.0,0.0,0.0,0.0,0.0,0.0,0.0,0.0,0.0,0.0,0.0,0.0,0.0,0.0,0.0,0.0,0.0,0.0,0.0,0.0,0.0,0.0,0.0,0.0,0.0,0.0,-999.0,-999.0,-999.0,-999.0,-999.0,-999.0,-999.0,-999.0,101164.9375,0.0,-999.0,-999.0,100776.664062,0.0,-999.0,-999.0,100747.0,0.0,-999.0,-999.0,100962.640625,0.0,-999.0,-999.0,101338.226562,0.0,-999.0,-999.0,101612.976562,0.0,-999.0,-999.0,101611.085938,0.0
48.998047,3.4775,83.099998,306.37442,16.375,0.134385,-0.103965,93893.664062,0.0,0.0,305.209351,0.07575,0.0,0.0,0.0,0.0,0.0,0.0,0.0,0.0,0.0,0.0,0.0,0.0,0.0,0.0,0.0,0.0,0.0,0.0,0.0,0.0,0.0,0.0,0.0,0.0,12.0,-999.0,-999.0,-999.0,-999.0,-999.0,-999.0,45.371094,3.8475,93724.539062,0.0,46.743164,3.6175,93605.460938,0.0,47.319336,4.0375,93550.601562,0.0,50.523438,4.3,93783.835938,0.0,47.495117,3.51,94051.023438,0.0,51.981445,2.95,94197.375,0.0,47.388672,2.6675,94085.085938,0.0
22.550781,1.1125,144.699997,299.524414,59.100002,2.066885,2.511035,99317.265625,0.0,796.25,297.58432,0.214,0.0,0.0,0.0,0.0,0.0,0.0,0.0,0.0,0.0,0.0,0.0,0.0,0.0,0.0,0.0,0.0,0.0,0.0,0.0,0.0,0.0,0.0,0.0,0.0,8.0,-999.0,-999.0,-999.0,-999.0,-999.0,-999.0,16.48999,1.275,99837.734375,0.0,19.199707,0.9875,99954.265625,0.0,20.530396,1.205,99837.0,0.0,8.120483,1.05,99789.835938,0.0,11.906006,0.9925,99809.828125,0.0,11.730957,0.8525,99962.171875,0.0,7.682373,0.925,99969.085938,0.0
-999.0,-999.0,0.0,287.699402,12.725,3.076885,-4.381465,101366.867188,5e-06,0.25,-999.0,-999.0,0.0,0.0,0.0,0.0,0.0,0.0,0.0,0.0,0.0,0.0,0.0,0.0,0.0,0.0,0.0,0.0,0.0,0.0,0.0,0.0,0.0,0.0,0.0,0.0,0.0,-999.0,-999.0,-999.0,-999.0,-999.0,-999.0,-999.0,-999.0,101135.734375,0.0,-999.0,-999.0,100777.46875,0.0,-999.0,-999.0,100767.398438,0.0,-999.0,-999.0,100985.84375,0.0,-999.0,-999.0,101357.023438,0.0,-999.0,-999.0,101625.375,0.0,-999.0,-999.0,101613.484375,0.0
14.972656,-999.0,0.0,287.274414,12.625,2.414385,-2.556465,101208.867188,5e-06,0.5,-999.0,-999.0,0.0,0.0,0.0,0.0,0.0,0.0,0.0,0.0,0.0,0.0,0.0,0.0,0.0,0.0,0.0,0.0,0.0,0.0,0.0,0.0,0.0,0.0,0.0,0.0,0.0,-999.0,-999.0,-999.0,-999.0,-999.0,-999.0,15.369141,-999.0,100980.140625,0.0,23.087891,-999.0,100606.265625,0.0,27.416016,-999.0,100599.796875,0.0,24.533203,-999.0,100812.640625,0.0,19.65625,-999.0,101199.023438,0.0,16.587891,-999.0,101472.578125,0.0,13.078125,-999.0,101457.09375,0.0
-999.0,-999.0,0.0,287.349426,12.05,3.774385,-5.686465,101384.0625,1e-06,0.25,-999.0,-999.0,0.0,0.0,0.0,0.0,0.0,0.0,0.0,0.0,0.0,0.0,0.0,0.0,0.0,0.0,0.0,0.0,0.0,0.0,0.0,0.0,0.0,0.0,0.0,0.0,0.0,-999.0,-999.0,-999.0,-999.0,-999.0,-999.0,-999.0,-999.0,101146.539062,0.0,-999.0,-999.0,100848.265625,0.0,-999.0,-999.0,100859.796875,0.0,-999.0,-999.0,101051.4375,0.0,-999.0,-999.0,101419.421875,0.0,-999.0,-999.0,101647.375,0.0,-999.0,-999.0,101611.484375,0.0
-999.0,-999.0,0.0,288.299408,12.725,3.604385,-4.451465,101448.0625,5e-06,0.5,-999.0,-999.0,0.0,0.0,0.0,0.0,0.0,0.0,0.0,0.0,0.0,0.0,0.0,0.0,0.0,0.0,0.0,0.0,0.0,0.0,0.0,0.0,0.0,0.0,0.0,0.0,0.0,-999.0,-999.0,-999.0,-999.0,-999.0,-999.0,-999.0,-999.0,101227.34375,0.0,-999.0,-999.0,101051.460938,0.0,-999.0,-999.0,101073.398438,0.0,-999.0,-999.0,101244.640625,0.0,-999.0,-999.0,101564.226562,0.0,-999.0,-999.0,101724.578125,0.0,-999.0,-999.0,101596.289062,0.0
-999.0,-999.0,0.0,298.99942,40.224998,5.771885,5.298535,102033.671875,6e-06,117.75,-999.0,-999.0,0.0,0.0,0.0,0.0,0.0,0.0,0.0,0.0,0.0,0.0,0.0,0.0,0.0,0.0,0.0,0.0,0.0,0.0,0.0,0.0,0.0,0.0,0.0,0.0,0.0,-999.0,-999.0,-999.0,-999.0,-999.0,-999.0,-999.0,-999.0,102400.539062,0.0,-999.0,-999.0,102693.0625,0.0,-999.0,-999.0,102664.203125,0.0,-999.0,-999.0,102604.234375,0.0,-999.0,-999.0,102701.023438,0.0,-999.0,-999.0,102769.375,0.0,-999.0,-999.0,102563.484375,0.0
-999.0,-999.0,0.0,299.024414,42.700001,5.751885,5.446035,102041.664062,8e-06,94.25,-999.0,-999.0,0.0,0.0,0.0,0.0,0.0,0.0,0.0,0.0,0.0,0.0,0.0,0.0,0.0,0.0,0.0,0.0,0.0,0.0,0.0,0.0,0.0,0.0,0.0,0.0,0.0,-999.0,-999.0,-999.0,-999.0,-999.0,-999.0,-999.0,-999.0,102402.539062,0.0,-999.0,-999.0,102694.664062,0.0,-999.0,-999.0,102665.398438,0.0,-999.0,-999.0,102609.039062,0.0,-999.0,-999.0,102704.226562,0.0,-999.0,-999.0,102775.773438,0.0,-999.0,-999.0,102570.289062,0.0
-999.0,-999.0,0.0,299.424408,37.424999,6.169385,5.218535,101992.867188,0.0,18.5,-999.0,-999.0,0.0,0.0,0.0,0.0,0.0,0.0,0.0,0.0,0.0,0.0,0.0,0.0,0.0,0.0,0.0,0.0,0.0,0.0,0.0,0.0,0.0,0.0,0.0,0.0,0.0,-999.0,-999.0,-999.0,-999.0,-999.0,-999.0,-999.0,-999.0,102369.734375,0.0,-999.0,-999.0,102681.0625,0.0,-999.0,-999.0,102677.398438,0.0,-999.0,-999.0,102635.039062,0.0,-999.0,-999.0,102734.625,0.0,-999.0,-999.0,102795.773438,0.0,-999.0,-999.0,102554.289062,0.0
-999.0,-999.0,0.0,299.649414,40.275002,6.484385,5.251035,101978.46875,0.0,14.25,-999.0,-999.0,0.0,0.0,0.0,0.0,0.0,0.0,0.0,0.0,0.0,0.0,0.0,0.0,0.0,0.0,0.0,0.0,0.0,0.0,0.0,0.0,0.0,0.0,0.0,0.0,0.0,-999.0,-999.0,-999.0,-999.0,-999.0,-999.0,-999.0,-999.0,102350.9375,0.0,-999.0,-999.0,102673.0625,0.0,-999.0,-999.0,102681.796875,0.0,-999.0,-999.0,102648.234375,0.0,-999.0,-999.0,102749.421875,0.0,-999.0,-999.0,102813.375,0.0,-999.0,-999.0,102556.6875,0.0
0.27771,0.702222,466.5,296.099426,88.375,-2.690615,-1.338965,95327.664062,3.1e-05,239.75,297.059326,0.1845,0.0,0.0,0.0,0.0,0.0,0.0,0.0,0.0,0.0,0.0,0.0,0.0,0.0,0.0,0.0,0.0,0.0,0.0,0.0,0.0,0.0,0.0,0.0,0.0,10.0,-999.0,-999.0,-999.0,-999.0,-999.0,-999.0,0.348145,1.148889,95511.742188,0.0,8.228882,0.913333,95458.664062,0.0,10.373738,1.147778,95265.0,0.0,4.570963,1.358889,95047.039062,0.0,1.747274,1.154444,94499.023438,0.0,13.167969,1.596667,94482.171875,0.0,49.766926,2.565556,94320.289062,0.0
0.039844,0.362222,175.199997,294.349426,88.599998,1.781885,0.031035,98321.671875,0.000553,486.75,294.95932,0.34575,0.0,0.0,0.0,0.0,0.0,0.0,0.0,0.0,0.0,0.0,0.0,0.0,0.0,0.0,0.0,0.0,0.0,0.0,0.0,0.0,0.0,0.0,0.0,0.0,12.0,-999.0,-999.0,-999.0,-999.0,-999.0,-999.0,1.726562,0.725556,98811.34375,0.0,1.380208,1.335556,98988.664062,0.0,10.632292,1.155555,98858.601562,0.0,13.5125,0.972222,98537.4375,0.0,14.672135,0.876667,98492.226562,0.0,14.584374,0.765556,98628.578125,0.0,12.501042,0.936667,98839.085938,0.0
53.796093,2.373333,34.900002,300.274414,46.925003,0.026885,0.853535,92930.070312,0.0,0.25,298.884338,0.063,0.0,0.0,0.0,0.0,0.0,0.0,0.0,0.0,0.0,0.0,0.0,0.0,0.0,0.0,0.0,0.0,0.0,0.0,0.0,0.0,0.0,0.0,0.0,0.0,7.0,-999.0,-999.0,-999.0,-999.0,-999.0,-999.0,57.345314,2.763333,92762.539062,0.0,54.568752,3.191111,92671.867188,0.0,53.90625,3.255555,92623.0,0.0,52.808594,3.441111,92801.4375,0.0,55.332031,3.326667,93113.023438,0.0,39.490623,2.224444,93256.578125,0.0,37.622658,1.846667,93155.890625,0.0
-999.0,-999.0,0.0,294.024414,23.674999,7.726885,6.743535,101400.867188,0.0,484.75,-999.0,-999.0,0.0,0.0,0.0,0.0,0.0,0.0,0.0,0.0,0.0,0.0,0.0,0.0,0.0,0.0,0.0,0.0,0.0,0.0,0.0,0.0,0.0,0.0,0.0,0.0,0.0,-999.0,-999.0,-999.0,-999.0,-999.0,-999.0,-999.0,-999.0,101911.742188,0.0,-999.0,-999.0,102335.0625,0.0,-999.0,-999.0,102461.0,0.0,-999.0,-999.0,102576.640625,0.0,-999.0,-999.0,102767.023438,0.0,-999.0,-999.0,102872.578125,0.0,-999.0,-999.0,102822.289062,0.0
-999.0,-999.0,0.0,294.849426,26.0,8.026885,6.663535,101411.671875,0.0,526.75,-999.0,-999.0,0.0,0.0,0.0,0.0,0.0,0.0,0.0,0.0,0.0,0.0,0.0,0.0,0.0,0.0,0.0,0.0,0.0,0.0,0.0,0.0,0.0,0.0,0.0,0.0,0.0,-999.0,-999.0,-999.0,-999.0,-999.0,-999.0,-999.0,-999.0,101914.9375,0.0,-999.0,-999.0,102335.0625,0.0,-999.0,-999.0,102466.203125,0.0,-999.0,-999.0,102584.640625,0.0,-999.0,-999.0,102776.226562,0.0,-999.0,-999.0,102882.96875,0.0,-999.0,-999.0,102825.09375,0.0
-999.0,-999.0,0.0,292.024414,43.275002,5.116885,5.646035,101230.0625,5.5e-05,104.75,-999.0,-999.0,0.0,0.0,0.0,0.0,0.0,0.0,0.0,0.0,0.0,0.0,0.0,0.0,0.0,0.0,0.0,0.0,0.0,0.0,0.0,0.0,0.0,0.0,0.0,0.0,0.0,-999.0,-999.0,-999.0,-999.0,-999.0,-999.0,-999.0,-999.0,101802.539062,0.0,-999.0,-999.0,102237.46875,0.0,-999.0,-999.0,102334.601562,0.0,-999.0,-999.0,102473.039062,0.0,-999.0,-999.0,102686.226562,0.0,-999.0,-999.0,102790.578125,0.0,-999.0,-999.0,102834.6875,0.0
-999.0,-999.0,0.0,292.699402,52.5,5.029386,5.583535,101208.867188,2.9e-05,137.0,-999.0,-999.0,0.0,0.0,0.0,0.0,0.0,0.0,0.0,0.0,0.0,0.0,0.0,0.0,0.0,0.0,0.0,0.0,0.0,0.0,0.0,0.0,0.0,0.0,0.0,0.0,0.0,-999.0,-999.0,-999.0,-999.0,-999.0,-999.0,-999.0,-999.0,101790.539062,0.0,-999.0,-999.0,102231.859375,0.0,-999.0,-999.0,102322.203125,0.0,-999.0,-999.0,102443.84375,0.0,-999.0,-999.0,102663.820312,0.0,-999.0,-999.0,102751.773438,0.0,-999.0,-999.0,102829.890625,0.0
-999.0,-999.0,0.0,292.699402,52.5,5.029386,5.583535,101208.867188,2.9e-05,137.0,-999.0,-999.0,0.0,0.0,0.0,0.0,0.0,0.0,0.0,0.0,0.0,0.0,0.0,0.0,0.0,0.0,0.0,0.0,0.0,0.0,0.0,0.0,0.0,0.0,0.0,0.0,0.0,-999.0,-999.0,-999.0,-999.0,-999.0,-999.0,-999.0,-999.0,101790.539062,0.0,-999.0,-999.0,102231.859375,0.0,-999.0,-999.0,102322.203125,0.0,-999.0,-999.0,102443.84375,0.0,-999.0,-999.0,102663.820312,0.0,-999.0,-999.0,102751.773438,0.0,-999.0,-999.0,102829.890625,0.0
15.366536,0.9575,346.399994,295.174408,26.200001,-2.048115,-1.906465,97246.46875,2e-06,250.0,293.809326,0.29125,0.0,0.0,0.0,0.0,0.0,0.0,0.0,0.0,0.0,0.0,0.0,0.0,0.0,0.0,0.0,0.0,0.0,0.0,0.0,0.0,0.0,0.0,0.0,0.0,12.0,-999.0,-999.0,-999.0,-999.0,-999.0,-999.0,5.398478,0.78,97458.539062,0.0,3.09847,0.76,97412.664062,0.0,4.052775,1.1525,97191.796875,0.0,1.055786,0.9775,96765.835938,0.0,0.661092,0.34,96204.625,0.0,0.574666,0.765,96450.976562,0.0,2.774658,0.6,96431.484375,0.0
0.003906,0.5475,289.100006,292.524414,89.475006,1.646885,0.256035,96499.671875,0.000248,266.5,293.184326,0.3325,0.0,0.0,0.0,0.0,0.0,0.0,0.0,0.0,0.0,0.0,0.0,0.0,0.0,0.0,0.0,0.0,0.0,0.0,0.0,0.0,0.0,0.0,0.0,0.0,4.0,-999.0,-999.0,-999.0,-999.0,-999.0,-999.0,2.822225,0.98,97069.742188,0.0,10.257161,1.4225,97387.46875,0.0,11.133789,1.4575,97245.796875,0.0,15.200887,1.3875,96985.039062,0.0,13.179443,1.1125,96987.421875,0.0,11.104167,1.2575,97276.976562,0.0,8.789062,1.25,97425.492188,0.0
1.223145,0.615,0.0,294.399414,51.525002,4.894385,5.383535,101158.070312,0.0,99.75,-999.0,-999.0,0.0,0.0,0.0,0.0,0.0,0.0,0.0,0.0,0.0,0.0,0.0,0.0,0.0,0.0,0.0,0.0,0.0,0.0,0.0,0.0,0.0,0.0,0.0,0.0,0.0,-999.0,-999.0,-999.0,-999.0,-999.0,-999.0,3.055745,0.605,101737.34375,0.0,1.789998,0.793333,102184.265625,0.0,1.700236,0.676667,102262.601562,0.0,0.787516,0.603333,102375.835938,0.0,0.220622,0.563333,102621.023438,0.0,0.21578,0.458333,102718.96875,0.0,1.209595,0.573333,102816.6875,0.0
1.223145,0.5675,0.0,294.399414,51.525002,4.894385,5.383535,101158.070312,0.0,99.75,-999.0,-999.0,0.0,0.0,0.0,0.0,0.0,0.0,0.0,0.0,0.0,0.0,0.0,0.0,0.0,0.0,0.0,0.0,0.0,0.0,0.0,0.0,0.0,0.0,0.0,0.0,0.0,-999.0,-999.0,-999.0,-999.0,-999.0,-999.0,3.055745,0.58,101737.34375,0.0,1.789998,0.8,102184.265625,0.0,1.700236,0.67,102262.601562,0.0,0.787516,0.605,102375.835938,0.0,0.220622,0.5575,102621.023438,0.0,0.21578,0.45,102718.96875,0.0,1.209595,0.5625,102816.6875,0.0
13.268066,0.33,0.0,286.524414,21.525,1.066885,-1.293965,100556.070312,0.0,0.0,-999.0,-999.0,0.0,0.0,0.0,0.0,0.0,0.0,0.0,0.0,0.0,0.0,0.0,0.0,0.0,0.0,0.0,0.0,0.0,0.0,0.0,0.0,0.0,0.0,0.0,0.0,0.0,-999.0,-999.0,-999.0,-999.0,-999.0,-999.0,6.994751,0.29,100483.335938,0.0,7.967407,0.27,100292.265625,0.0,9.263306,0.14,100071.0,0.0,7.404907,0.07,100313.039062,0.0,8.294189,0.08,100707.828125,0.0,7.778076,0.04,100822.976562,0.0,7.610107,0.11,100736.6875,0.0
39.400593,1.343333,1940.200073,299.824402,83.475006,-0.665615,0.323535,79822.070312,0.0,112.25,297.534332,0.168,0.0,0.0,0.0,0.0,0.0,0.0,0.0,0.0,0.0,0.0,0.0,0.0,0.0,0.0,0.0,0.0,0.0,0.0,0.0,0.0,0.0,0.0,0.0,0.0,10.0,-999.0,-999.0,-999.0,-999.0,-999.0,-999.0,21.945028,1.383333,79957.734375,0.0,19.565186,1.367778,80103.859375,0.0,7.992513,0.793333,80165.0,0.0,7.688517,0.592222,80053.84375,0.0,13.214722,0.548889,79781.828125,0.0,13.980998,0.505556,79584.976562,0.0,62.614502,1.534444,79552.289062,0.0
28.048178,1.575556,1990.599976,300.174408,84.949997,1.131885,1.426035,80081.265625,0.0,221.75,298.759338,0.10825,0.0,0.0,0.0,0.0,0.0,0.0,0.0,0.0,0.0,0.0,0.0,0.0,0.0,0.0,0.0,0.0,0.0,0.0,0.0,0.0,0.0,0.0,0.0,0.0,10.0,-999.0,-999.0,-999.0,-999.0,-999.0,-999.0,40.689087,1.646667,80166.140625,0.0,44.092896,1.571111,80327.460938,0.0,31.487997,1.211111,80415.0,0.0,15.953288,1.353333,80340.234375,0.0,5.633016,1.306667,80087.820312,0.0,9.210246,0.813333,79856.976562,0.0,61.798054,1.296667,79848.289062,0.0
41.296364,1.25,1989.400024,298.649414,81.974998,-0.710615,0.418535,78008.867188,5e-06,155.5,297.259338,0.17975,0.0,0.0,0.0,0.0,0.0,0.0,0.0,0.0,0.0,0.0,0.0,0.0,0.0,0.0,0.0,0.0,0.0,0.0,0.0,0.0,0.0,0.0,0.0,0.0,10.0,-999.0,-999.0,-999.0,-999.0,-999.0,-999.0,25.197302,1.235,78157.734375,0.0,32.741711,1.165,78283.0625,0.0,21.29591,0.683333,78335.796875,0.0,18.894543,0.486667,78213.835938,0.0,16.528015,0.565,77969.023438,0.0,4.391955,0.483333,77730.171875,0.0,48.419544,1.325,77778.6875,0.0
53.972656,1.944444,1359.0,299.399414,59.875,0.391885,0.251035,84315.671875,0.0,104.5,297.359314,0.08075,0.0,0.0,0.0,0.0,0.0,0.0,0.0,0.0,0.0,0.0,0.0,0.0,0.0,0.0,0.0,0.0,0.0,0.0,0.0,0.0,0.0,0.0,0.0,0.0,10.0,-999.0,-999.0,-999.0,-999.0,-999.0,-999.0,47.299805,2.068889,84423.335938,0.0,52.004883,2.1,84534.265625,0.0,49.973633,1.821111,84730.601562,0.0,73.5,1.744444,84783.039062,0.0,77.556641,1.555555,84522.625,0.0,40.138672,1.463333,84320.171875,0.0,72.316406,1.473333,84205.484375,0.0
61.323242,2.575,1251.800049,303.474426,63.025002,0.171885,-0.698965,86156.46875,0.0,174.5,300.984344,0.08275,0.0,0.0,0.0,0.0,0.0,0.0,0.0,0.0,0.0,0.0,0.0,0.0,0.0,0.0,0.0,0.0,0.0,0.0,0.0,0.0,0.0,0.0,0.0,0.0,10.0,-999.0,-999.0,-999.0,-999.0,-999.0,-999.0,70.700195,2.606667,86118.539062,0.0,92.589844,3.265,86293.859375,0.0,94.764648,2.858333,86509.398438,0.0,76.948242,2.603333,86697.84375,0.0,53.677734,2.188333,86647.820312,0.0,49.679688,2.103333,86537.773438,0.0,52.918945,2.061666,86485.890625,0.0
0.734375,-999.0,72.0,291.599426,52.350002,0.811885,-1.633965,100324.0625,3.7e-05,21.5,-999.0,-999.0,0.0,0.0,0.0,0.0,0.0,0.0,0.0,0.0,0.0,0.0,0.0,0.0,0.0,0.0,0.0,0.0,0.0,0.0,0.0,0.0,0.0,0.0,0.0,0.0,0.0,-999.0,-999.0,-999.0,-999.0,-999.0,-999.0,3.050781,-999.0,100659.34375,0.0,0.421875,-999.0,101180.664062,0.0,0.984375,-999.0,100887.796875,0.0,0.601562,-999.0,100575.84375,0.0,0.023438,-999.0,100742.625,0.0,4.992188,-999.0,101156.976562,0.0,7.476562,-999.0,101420.6875,0.0
2.724935,0.568333,17.4,297.674408,76.824997,1.999385,0.043535,99851.664062,2e-06,194.5,297.009338,0.197,0.0,0.0,0.0,0.0,0.0,0.0,0.0,0.0,0.0,0.0,0.0,0.0,0.0,0.0,0.0,0.0,0.0,0.0,0.0,0.0,0.0,0.0,0.0,0.0,8.0,-999.0,-999.0,-999.0,-999.0,-999.0,-999.0,18.335938,1.571667,100374.539062,0.0,23.62435,1.77,100783.0625,0.0,23.02767,1.753333,100703.0,0.0,22.618164,1.323333,100821.4375,0.0,10.520183,0.68,101302.625,0.0,4.391602,0.506667,101772.578125,0.0,14.431966,0.846667,101684.6875,0.0
47.98698,2.085,1243.200073,302.274414,56.025002,-1.300615,1.143535,85690.46875,0.0,135.0,301.059326,0.108,0.0,0.0,0.0,0.0,0.0,0.0,0.0,0.0,0.0,0.0,0.0,0.0,0.0,0.0,0.0,0.0,0.0,0.0,0.0,0.0,0.0,0.0,0.0,0.0,10.0,-999.0,-999.0,-999.0,-999.0,-999.0,-999.0,41.659832,2.4675,85932.140625,0.0,38.543621,2.21,86108.265625,0.0,43.352215,1.6525,86212.601562,0.0,45.984699,1.5475,86151.039062,0.0,41.654621,1.2,85882.625,0.0,7.902018,1.3825,85692.578125,0.0,49.734699,1.9675,85497.09375,0.0
1.047852,-999.0,72.0,292.174408,53.325001,1.426885,-2.903965,98024.46875,3.6e-05,130.25,292.534332,0.22725,0.0,0.0,0.0,0.0,0.0,0.0,0.0,0.0,0.0,0.0,0.0,0.0,0.0,0.0,0.0,0.0,0.0,0.0,0.0,0.0,0.0,0.0,0.0,0.0,12.0,-999.0,-999.0,-999.0,-999.0,-999.0,-999.0,0.707357,-999.0,98346.539062,0.0,0.097656,-999.0,98827.46875,0.0,7.191081,-999.0,98499.398438,0.0,4.125977,-999.0,98082.640625,0.0,0.004883,-999.0,98181.828125,0.0,12.727864,-999.0,98608.578125,0.0,26.333334,-999.0,98831.890625,0.0
24.125326,1.886667,1387.300049,299.924408,61.125,-0.845615,0.068535,83932.46875,0.0,104.0,296.609314,0.09175,0.0,0.0,0.0,0.0,0.0,0.0,0.0,0.0,0.0,0.0,0.0,0.0,0.0,0.0,0.0,0.0,0.0,0.0,0.0,0.0,0.0,0.0,0.0,0.0,8.0,-999.0,-999.0,-999.0,-999.0,-999.0,-999.0,58.220051,2.283333,83923.335938,0.0,59.382812,2.755556,84119.0625,0.0,55.55241,2.204444,84306.203125,0.0,46.097004,2.175555,84464.234375,0.0,34.526691,1.826667,84397.421875,0.0,37.607098,1.543333,84268.578125,0.0,38.931316,1.665555,84139.484375,0.0
1.046875,-999.0,217.0,292.37442,54.849998,1.551885,-3.218965,97970.070312,3.5e-05,123.5,292.384338,0.2175,0.0,0.0,0.0,0.0,0.0,0.0,0.0,0.0,0.0,0.0,0.0,0.0,0.0,0.0,0.0,0.0,0.0,0.0,0.0,0.0,0.0,0.0,0.0,0.0,12.0,-999.0,-999.0,-999.0,-999.0,-999.0,-999.0,0.716471,-999.0,98297.34375,0.0,0.115885,-999.0,98794.265625,0.0,8.493815,-999.0,98460.203125,0.0,4.715495,-999.0,98062.640625,0.0,0.005534,-999.0,98174.226562,0.0,16.822916,-999.0,98602.976562,0.0,26.489584,-999.0,98823.085938,0.0
0.025716,-999.0,174.0,288.724426,41.275002,1.029385,-2.856465,99278.867188,0.0,5.0,-999.0,-999.0,0.0,0.0,0.0,0.0,0.0,0.0,0.0,0.0,0.0,0.0,0.0,0.0,0.0,0.0,0.0,0.0,0.0,0.0,0.0,0.0,0.0,0.0,0.0,0.0,0.0,-999.0,-999.0,-999.0,-999.0,-999.0,-999.0,0.000977,-999.0,99548.539062,0.0,0.004232,-999.0,99940.265625,0.0,0.071615,-999.0,99616.601562,0.0,0.125651,-999.0,98945.4375,0.0,0.000326,-999.0,99087.820312,0.0,0.335938,-999.0,99485.773438,0.0,9.9528,-999.0,99698.6875,0.0
0.025716,-999.0,181.800003,288.724426,41.275002,1.029385,-2.856465,99278.867188,0.0,5.0,-999.0,-999.0,0.0,0.0,0.0,0.0,0.0,0.0,0.0,0.0,0.0,0.0,0.0,0.0,0.0,0.0,0.0,0.0,0.0,0.0,0.0,0.0,0.0,0.0,0.0,0.0,12.0,-999.0,-999.0,-999.0,-999.0,-999.0,-999.0,0.000977,-999.0,99548.539062,0.0,0.004232,-999.0,99940.265625,0.0,0.071615,-999.0,99616.601562,0.0,0.125651,-999.0,98945.4375,0.0,0.000326,-999.0,99087.820312,0.0,0.335938,-999.0,99485.773438,0.0,9.9528,-999.0,99698.6875,0.0
0.087891,-999.0,184.100006,290.74942,57.125,2.239385,-2.366465,98884.867188,0.0,60.0,291.584351,0.24275,0.0,0.0,0.0,0.0,0.0,0.0,0.0,0.0,0.0,0.0,0.0,0.0,0.0,0.0,0.0,0.0,0.0,0.0,0.0,0.0,0.0,0.0,0.0,0.0,12.0,-999.0,-999.0,-999.0,-999.0,-999.0,-999.0,0.161133,-999.0,99133.734375,0.0,0.19043,-999.0,99625.460938,0.0,0.586914,-999.0,99266.601562,0.0,0.666992,-999.0,98728.640625,0.0,0.008789,-999.0,98849.820312,0.0,8.339844,-999.0,99319.773438,0.0,18.582031,-999.0,99518.289062,0.0
19.833984,0.568333,76.599998,291.49942,27.625,1.041885,-0.201465,97992.070312,0.0,1.75,293.309326,0.2685,0.0,0.0,0.0,0.0,0.0,0.0,0.0,0.0,0.0,0.0,0.0,0.0,0.0,0.0,0.0,0.0,0.0,0.0,0.0,0.0,0.0,0.0,0.0,0.0,1.0,-999.0,-999.0,-999.0,-999.0,-999.0,-999.0,22.705078,0.66,97678.539062,0.0,28.875,1.445,97347.0625,0.0,40.837891,3.52,97104.601562,0.0,38.392578,3.073333,97703.4375,0.0,24.68457,2.108333,98018.625,0.0,19.258789,1.285,98148.578125,0.0,18.012695,0.971667,98059.09375,0.0
42.220703,1.561667,1003.299988,298.12442,65.400002,-0.923115,-1.001465,86445.265625,6e-06,267.75,298.384338,0.13175,0.0,0.0,0.0,0.0,0.0,0.0,0.0,0.0,0.0,0.0,0.0,0.0,0.0,0.0,0.0,0.0,0.0,0.0,0.0,0.0,0.0,0.0,0.0,0.0,8.0,-999.0,-999.0,-999.0,-999.0,-999.0,-999.0,55.87077,2.446667,86360.140625,0.0,55.67741,3.025,86590.664062,0.0,47.557617,2.618333,86796.601562,0.0,50.383465,2.438333,87014.640625,0.0,51.06673,1.906667,87037.828125,0.0,43.678711,1.283333,86887.773438,0.0,44.555012,1.466667,86704.289062,0.0
1.635742,0.471667,179.800003,290.699402,33.025002,-0.170615,-2.866465,98741.671875,1e-06,179.75,290.459351,0.15725,0.0,0.0,0.0,0.0,0.0,0.0,0.0,0.0,0.0,0.0,0.0,0.0,0.0,0.0,0.0,0.0,0.0,0.0,0.0,0.0,0.0,0.0,0.0,0.0,8.0,-999.0,-999.0,-999.0,-999.0,-999.0,-999.0,0.306315,0.703333,98786.9375,0.0,1.327148,0.54,99069.859375,0.0,0.572917,1.086667,98858.203125,0.0,0.054688,0.623333,97926.242188,0.0,0.468424,0.438333,98186.226562,0.0,0.339518,0.62,98376.578125,0.0,5.749349,0.715,98393.09375,0.0
9.375,0.4775,129.800003,292.799408,62.675003,2.856885,-1.471465,96468.867188,0.0,97.5,292.08432,0.2935,0.0,0.0,0.0,0.0,0.0,0.0,0.0,0.0,0.0,0.0,0.0,0.0,0.0,0.0,0.0,0.0,0.0,0.0,0.0,0.0,0.0,0.0,0.0,0.0,5.0,-999.0,-999.0,-999.0,-999.0,-999.0,-999.0,5.374023,1.0175,96972.9375,0.0,15.556641,1.13,97371.0625,0.0,13.904297,1.2075,97172.203125,0.0,12.391602,1.21,97213.835938,0.0,16.99707,0.49,97732.625,0.0,15.96582,0.5425,98190.578125,0.0,16.822266,0.92,98118.6875,0.0
0.674805,0.185,394.899994,290.12442,51.025002,2.706885,-0.301465,94842.867188,1.3e-05,106.25,290.109314,0.29325,0.0,0.0,0.0,0.0,0.0,0.0,0.0,0.0,0.0,0.0,0.0,0.0,0.0,0.0,0.0,0.0,0.0,0.0,0.0,0.0,0.0,0.0,0.0,0.0,5.0,-999.0,-999.0,-999.0,-999.0,-999.0,-999.0,0.123047,0.58,95297.34375,0.0,3.640625,0.75,95725.0625,0.0,3.181641,0.81,95515.398438,0.0,8.932617,1.0,95425.039062,0.0,10.918945,0.535,95887.421875,0.0,13.946289,1.045,96288.976562,0.0,12.358398,0.95,96296.289062,0.0
0.674805,0.145,354.200012,290.12442,51.025002,2.706885,-0.301465,94842.867188,1.3e-05,106.25,290.109314,0.29325,0.0,0.0,0.0,0.0,0.0,0.0,0.0,0.0,0.0,0.0,0.0,0.0,0.0,0.0,0.0,0.0,0.0,0.0,0.0,0.0,0.0,0.0,0.0,0.0,4.0,-999.0,-999.0,-999.0,-999.0,-999.0,-999.0,0.123047,0.5,95297.34375,0.0,3.640625,0.67,95725.0625,0.0,3.181641,0.735,95515.398438,0.0,8.932617,0.9125,95425.039062,0.0,10.918945,0.4875,95887.421875,0.0,13.946289,0.95,96288.976562,0.0,12.358398,0.9025,96296.289062,0.0
0.155924,-999.0,141.300003,290.524414,73.925003,-0.320615,-1.481465,98355.265625,0.0,9.25,289.759338,0.28,0.0,0.0,0.0,0.0,0.0,0.0,0.0,0.0,0.0,0.0,0.0,0.0,0.0,0.0,0.0,0.0,0.0,0.0,0.0,0.0,0.0,0.0,0.0,0.0,4.0,-999.0,-999.0,-999.0,-999.0,-999.0,-999.0,0.011393,-999.0,98497.742188,0.0,0.522135,-999.0,99062.664062,0.0,0.14388,-999.0,98701.0,0.0,0.041341,-999.0,98273.835938,0.0,0.0,-999.0,98621.421875,0.0,2.205729,-999.0,99094.976562,0.0,15.650065,-999.0,99179.484375,0.0
0.151367,0.415,174.0,287.724426,41.25,0.266885,-3.268965,99365.265625,0.0,76.25,-999.0,-999.0,0.0,0.0,0.0,0.0,0.0,0.0,0.0,0.0,0.0,0.0,0.0,0.0,0.0,0.0,0.0,0.0,0.0,0.0,0.0,0.0,0.0,0.0,0.0,0.0,0.0,-999.0,-999.0,-999.0,-999.0,-999.0,-999.0,0.0,0.39,99377.34375,0.0,0.010742,0.0,99762.265625,0.0,0.008464,0.385,99466.195312,0.0,0.0,0.145,98641.84375,0.0,0.0,0.0,98930.625,0.0,0.0,0.0,99090.578125,0.0,5.729492,0.15,99123.890625,0.0
-999.0,-999.0,178.0,280.924408,14.25,-0.680615,-4.058965,99796.0625,0.0,0.0,-999.0,-999.0,0.0,0.0,0.0,0.0,0.0,0.0,0.0,0.0,0.0,0.0,0.0,0.0,0.0,0.0,0.0,0.0,0.0,0.0,0.0,0.0,0.0,0.0,0.0,0.0,0.0,-999.0,-999.0,-999.0,-999.0,-999.0,-999.0,-999.0,-999.0,99520.140625,0.0,-999.0,-999.0,99739.46875,0.0,-999.0,-999.0,99578.203125,0.0,-999.0,-999.0,98924.234375,0.0,-999.0,-999.0,99050.21875,0.0,-999.0,-999.0,99094.578125,0.0,-999.0,-999.0,98712.6875,0.0
0.0,-999.0,134.0,288.274414,50.350002,-1.035615,-1.151465,97369.664062,2.2e-05,18.75,289.659332,0.30925,0.0,0.0,0.0,0.0,0.0,0.0,0.0,0.0,0.0,0.0,0.0,0.0,0.0,0.0,0.0,0.0,0.0,0.0,0.0,0.0,0.0,0.0,0.0,0.0,5.0,-999.0,-999.0,-999.0,-999.0,-999.0,-999.0,0.0,-999.0,97847.734375,0.0,2.62736,-999.0,98213.46875,0.0,0.096842,-999.0,97943.0,0.0,0.00651,-999.0,97919.039062,0.0,6.638855,-999.0,98723.421875,0.0,10.07371,-999.0,99093.375,0.0,7.21464,-999.0,98953.890625,0.0
0.0,-999.0,684.700012,285.674408,53.050003,0.276885,-2.278965,90935.671875,1e-05,23.75,285.709351,0.2785,0.0,0.0,0.0,0.0,0.0,0.0,0.0,0.0,0.0,0.0,0.0,0.0,0.0,0.0,0.0,0.0,0.0,0.0,0.0,0.0,0.0,0.0,0.0,0.0,5.0,-999.0,-999.0,-999.0,-999.0,-999.0,-999.0,0.006775,-999.0,91276.140625,0.0,1.179199,-999.0,91741.0625,0.0,0.015625,-999.0,91486.203125,0.0,0.0,-999.0,91165.84375,0.0,1.164429,-999.0,91807.421875,0.0,7.87677,-999.0,92133.773438,0.0,6.749634,-999.0,92048.289062,0.0
22.019409,1.395,341.700012,294.949402,6.725,-1.333115,-0.813965,97794.0625,0.0,62.75,291.259338,0.21425,0.0,0.0,0.0,0.0,0.0,0.0,0.0,0.0,0.0,0.0,0.0,0.0,0.0,0.0,0.0,0.0,0.0,0.0,0.0,0.0,0.0,0.0,0.0,0.0,8.0,-999.0,-999.0,-999.0,-999.0,-999.0,-999.0,20.309082,1.6525,97675.34375,0.0,20.249044,1.485,97716.265625,0.0,9.993164,1.0275,97457.0,0.0,7.865458,1.2725,96997.4375,0.0,1.320923,0.8175,97040.226562,0.0,13.909912,1.5175,97131.773438,0.0,5.004415,1.32,96512.6875,0.0
0.048442,-999.0,401.899994,285.349426,67.200005,1.256885,-1.951465,96296.0625,5.6e-05,97.0,286.209351,0.2845,0.0,0.0,0.0,0.0,0.0,0.0,0.0,0.0,0.0,0.0,0.0,0.0,0.0,0.0,0.0,0.0,0.0,0.0,0.0,0.0,0.0,0.0,0.0,0.0,5.0,-999.0,-999.0,-999.0,-999.0,-999.0,-999.0,0.0,-999.0,96474.140625,0.0,0.767517,-999.0,96824.265625,0.0,0.087606,-999.0,96742.601562,0.0,0.0,-999.0,96053.4375,0.0,0.0,-999.0,96510.226562,0.0,0.133403,-999.0,96751.375,0.0,10.53835,-999.0,96656.6875,0.0
23.544434,1.704444,308.800018,295.774414,7.575,-0.940615,-1.386465,98035.265625,0.0,164.25,291.559326,0.09275,0.0,0.0,0.0,0.0,0.0,0.0,0.0,0.0,0.0,0.0,0.0,0.0,0.0,0.0,0.0,0.0,0.0,0.0,0.0,0.0,0.0,0.0,0.0,0.0,12.0,-999.0,-999.0,-999.0,-999.0,-999.0,-999.0,22.058529,1.917778,97944.140625,0.0,24.909538,1.643333,98029.0625,0.0,14.538346,1.076667,97771.398438,0.0,12.190788,1.381111,97301.84375,0.0,1.891081,1.001111,97310.226562,0.0,21.054785,1.383333,97418.171875,0.0,16.752768,1.504444,96833.484375,0.0
1.584342,-999.0,260.899994,286.949402,74.25,1.599385,-2.863965,97931.265625,3e-06,33.5,287.434326,0.2615,0.0,0.0,0.0,0.0,0.0,0.0,0.0,0.0,0.0,0.0,0.0,0.0,0.0,0.0,0.0,0.0,0.0,0.0,0.0,0.0,0.0,0.0,0.0,0.0,5.0,-999.0,-999.0,-999.0,-999.0,-999.0,-999.0,0.327409,-999.0,97996.539062,0.0,0.869922,-999.0,98267.0625,0.0,0.100033,-999.0,98213.0,0.0,0.0,-999.0,97443.039062,0.0,0.0,-999.0,97751.421875,0.0,0.007324,-999.0,97959.78125,0.0,11.991732,-999.0,97754.6875,0.0
1.264876,-999.0,299.0,289.099426,63.925003,1.071885,-3.316465,96934.0625,7.8e-05,91.75,287.83432,0.2505,0.0,0.0,0.0,0.0,0.0,0.0,0.0,0.0,0.0,0.0,0.0,0.0,0.0,0.0,0.0,0.0,0.0,0.0,0.0,0.0,0.0,0.0,0.0,0.0,8.0,-999.0,-999.0,-999.0,-999.0,-999.0,-999.0,0.315234,-999.0,97043.34375,0.0,0.927799,-999.0,97350.664062,0.0,0.059863,-999.0,97299.796875,0.0,0.0,-999.0,96563.4375,0.0,0.0,-999.0,96907.023438,0.0,0.256706,-999.0,97107.773438,0.0,13.069304,-999.0,96947.890625,0.0
4.395215,-999.0,260.800018,287.274414,81.025002,1.824385,-3.303965,98204.867188,0.0,19.75,286.609314,0.24875,0.0,0.0,0.0,0.0,0.0,0.0,0.0,0.0,0.0,0.0,0.0,0.0,0.0,0.0,0.0,0.0,0.0,0.0,0.0,0.0,0.0,0.0,0.0,0.0,5.0,-999.0,-999.0,-999.0,-999.0,-999.0,-999.0,0.979492,-999.0,98210.140625,0.0,1.504199,-999.0,98476.664062,0.0,0.281641,-999.0,98445.796875,0.0,0.0,-999.0,97639.84375,0.0,0.086816,-999.0,97909.820312,0.0,0.384766,-999.0,98078.578125,0.0,9.851661,-999.0,97844.289062,0.0
26.970182,-999.0,406.5,298.649414,11.825,-1.085615,1.448535,96815.671875,0.0,57.0,293.909332,0.12025,0.0,0.0,0.0,0.0,0.0,0.0,0.0,0.0,0.0,0.0,0.0,0.0,0.0,0.0,0.0,0.0,0.0,0.0,0.0,0.0,0.0,0.0,0.0,0.0,12.0,-999.0,-999.0,-999.0,-999.0,-999.0,-999.0,21.288445,-999.0,96772.9375,0.0,20.196583,-999.0,96895.0625,0.0,6.865951,-999.0,96765.398438,0.0,1.749805,-999.0,96235.84375,0.0,9.512532,-999.0,96039.421875,0.0,15.485612,-999.0,96260.976562,0.0,33.775421,-999.0,95810.289062,0.0
0.940625,-999.0,364.700012,287.62442,81.25,0.031885,-1.853965,96882.0625,0.0001,131.0,287.559326,0.2435,0.0,0.0,0.0,0.0,0.0,0.0,0.0,0.0,0.0,0.0,0.0,0.0,0.0,0.0,0.0,0.0,0.0,0.0,0.0,0.0,0.0,0.0,0.0,0.0,8.0,-999.0,-999.0,-999.0,-999.0,-999.0,-999.0,0.479622,-999.0,97010.539062,0.0,0.606315,-999.0,97331.46875,0.0,0.081543,-999.0,97311.796875,0.0,0.0,-999.0,96605.039062,0.0,0.0,-999.0,96989.023438,0.0,0.459831,-999.0,97194.578125,0.0,8.555339,-999.0,97024.6875,0.0
26.015234,-999.0,386.399994,297.799408,13.575001,-1.493115,1.138535,96594.070312,0.0,51.5,293.659332,0.12925,0.0,0.0,0.0,0.0,0.0,0.0,0.0,0.0,0.0,0.0,0.0,0.0,0.0,0.0,0.0,0.0,0.0,0.0,0.0,0.0,0.0,0.0,0.0,0.0,12.0,-999.0,-999.0,-999.0,-999.0,-999.0,-999.0,19.591406,-999.0,96557.335938,0.0,19.746485,-999.0,96677.46875,0.0,7.70459,-999.0,96569.398438,0.0,2.770117,-999.0,96047.4375,0.0,11.305078,-999.0,95835.023438,0.0,8.349317,-999.0,96060.578125,0.0,34.35371,-999.0,95631.890625,0.0
26.052538,-999.0,386.399994,298.174408,12.75,-1.105615,1.246035,96550.867188,0.0,63.5,293.409332,0.1325,0.0,0.0,0.0,0.0,0.0,0.0,0.0,0.0,0.0,0.0,0.0,0.0,0.0,0.0,0.0,0.0,0.0,0.0,0.0,0.0,0.0,0.0,0.0,0.0,12.0,-999.0,-999.0,-999.0,-999.0,-999.0,-999.0,20.30205,-999.0,96508.539062,0.0,19.896193,-999.0,96628.664062,0.0,7.31543,-999.0,96505.796875,0.0,2.378711,-999.0,95982.640625,0.0,9.672559,-999.0,95777.023438,0.0,10.460547,-999.0,96005.375,0.0,34.397556,-999.0,95564.6875,0.0
9.768099,-999.0,327.0,288.849426,8.825,-1.938115,-1.278965,97066.46875,0.0,8.75,288.259338,0.19025,0.0,0.0,0.0,0.0,0.0,0.0,0.0,0.0,0.0,0.0,0.0,0.0,0.0,0.0,0.0,0.0,0.0,0.0,0.0,0.0,0.0,0.0,0.0,0.0,1.0,-999.0,-999.0,-999.0,-999.0,-999.0,-999.0,8.593946,-999.0,96603.34375,0.0,2.723828,-999.0,96674.664062,0.0,8.598437,-999.0,96497.796875,0.0,11.212793,-999.0,96002.234375,0.0,10.260319,-999.0,96002.21875,0.0,14.049056,-999.0,96068.171875,0.0,5.010286,-999.0,95391.492188,0.0
27.402571,-999.0,603.400024,297.274414,10.875,-3.720615,2.776035,94798.46875,0.0,21.75,294.809326,0.15275,0.0,0.0,0.0,0.0,0.0,0.0,0.0,0.0,0.0,0.0,0.0,0.0,0.0,0.0,0.0,0.0,0.0,0.0,0.0,0.0,0.0,0.0,0.0,0.0,12.0,-999.0,-999.0,-999.0,-999.0,-999.0,-999.0,19.258528,-999.0,94827.734375,0.0,13.194695,-999.0,94954.265625,0.0,6.89209,-999.0,94997.0,0.0,6.505664,-999.0,94458.640625,0.0,3.742188,-999.0,94225.023438,0.0,2.898568,-999.0,94441.375,0.0,6.153353,-999.0,94106.289062,0.0
27.402571,-999.0,603.400024,297.274414,10.875,-3.720615,2.776035,94798.46875,0.0,21.75,294.809326,0.15275,0.0,0.0,0.0,0.0,0.0,0.0,0.0,0.0,0.0,0.0,0.0,0.0,0.0,0.0,0.0,0.0,0.0,0.0,0.0,0.0,0.0,0.0,0.0,0.0,12.0,-999.0,-999.0,-999.0,-999.0,-999.0,-999.0,19.258528,-999.0,94827.734375,0.0,13.194695,-999.0,94954.265625,0.0,6.89209,-999.0,94997.0,0.0,6.505664,-999.0,94458.640625,0.0,3.742188,-999.0,94225.023438,0.0,2.898568,-999.0,94441.375,0.0,6.153353,-999.0,94106.289062,0.0
27.452898,-999.0,568.200012,297.574402,10.875,-3.393115,3.243535,95001.664062,0.0,1.75,295.309326,0.1605,0.0,0.0,0.0,0.0,0.0,0.0,0.0,0.0,0.0,0.0,0.0,0.0,0.0,0.0,0.0,0.0,0.0,0.0,0.0,0.0,0.0,0.0,0.0,0.0,12.0,-999.0,-999.0,-999.0,-999.0,-999.0,-999.0,19.991243,-999.0,95033.34375,0.0,13.848503,-999.0,95155.0625,0.0,7.288835,-999.0,95251.0,0.0,6.356836,-999.0,94712.234375,0.0,2.890007,-999.0,94470.625,0.0,2.516634,-999.0,94669.773438,0.0,3.309505,-999.0,94337.890625,0.0
27.452898,-999.0,577.200012,297.574402,10.875,-3.393115,3.243535,95001.664062,0.0,1.75,295.309326,0.1605,0.0,0.0,0.0,0.0,0.0,0.0,0.0,0.0,0.0,0.0,0.0,0.0,0.0,0.0,0.0,0.0,0.0,0.0,0.0,0.0,0.0,0.0,0.0,0.0,12.0,-999.0,-999.0,-999.0,-999.0,-999.0,-999.0,19.991243,-999.0,95033.34375,0.0,13.848503,-999.0,95155.0625,0.0,7.288835,-999.0,95251.0,0.0,6.356836,-999.0,94712.234375,0.0,2.890007,-999.0,94470.625,0.0,2.516634,-999.0,94669.773438,0.0,3.309505,-999.0,94337.890625,0.0
